name,lat,lon,level,parent,source_name
あきる野市,35.728959,139.294046,municipality,,あきる野市役所
あさぎり町,32.240321,130.897827,municipality,,あさぎり町役場
あま市,35.188243,136.803701,municipality,,あま市役所
あわら市,36.211361,136.229012,municipality,,あわら市役所
いすみ市,35.253887,140.385117,municipality,,いすみ市役所
いちき串木野市,31.714542,130.271934,municipality,,いちき串木野市役所
いなべ市,35.158426,136.516697,municipality,,いなべ市役所
いの町,33.548689,133.427583,municipality,,いの町役場
いわき市,37.050456,140.887687,municipality,,いわき市役所
うきは市,33.347305,130.754928,municipality,,うきは市役所
うるま市,26.379151,127.85748,municipality,,うるま市役所
えびの市,32.045347,130.810841,municipality,,えびの市役所
えりも町,42.016298,143.148348,municipality,,えりも町役場
おいらせ町,40.599104,141.397822,municipality,,おいらせ町役場
おおい町,35.481128,135.617885,municipality,,おおい町役場
かすみがうら市,36.151812,140.237006,municipality,,かすみがうら市役所
かつらぎ町,34.296416,135.503802,municipality,,かつらぎ町役場
かほく市,36.719973,136.706668,municipality,,かほく市役所
さいたま市,35.861515,139.645502,municipality,,さいたま市役所
さいたま市中央区,35.883965,139.626177,ward,さいたま市,中央区役所（さいたま市）
さいたま市北区,35.93139,139.620287,ward,さいたま市,北区役所（さいたま市）
さいたま市南区,35.84526,139.645437,ward,さいたま市,南区役所（さいたま市）
さいたま市緑区,35.871095,139.684017,ward,さいたま市,緑区役所（さいたま市）
さいたま市西区,35.925166,139.579633,ward,さいたま市,西区役所（さいたま市）
さくら市,36.685295,139.966474,municipality,,さくら市役所
さつま町,31.906331,130.45534,municipality,,さつま町役場
さぬき市,34.32521,134.171989,municipality,,さぬき市役所
すさみ町,33.550062,135.496678,municipality,,すさみ町役場
せたな町,42.417145,139.882999,municipality,,せたな町役場
たつの市,34.857847,134.545397,municipality,,たつの市役所
つがる市,40.808836,140.380195,municipality,,つがる市役所
つくばみらい市,35.962911,140.037069,municipality,,つくばみらい市役所
つくば市,36.08356,140.076473,municipality,,つくば市役所
つるぎ町,34.037307,134.064051,municipality,,つるぎ町役場
ときがわ町,36.00857,139.296763,municipality,,ときがわ町役場
にかほ市,39.203067,139.907649,municipality,,にかほ市役所
ひたちなか市,36.396615,140.534676,municipality,,ひたちなか市役所
ふじみ野市,35.879396,139.51982,municipality,,ふじみ野市役所
まんのう町,34.192334,133.841393,municipality,,まんのう町役場
みどり市,36.394819,139.281076,municipality,,みどり市役所
みなかみ町,36.67865,138.999055,municipality,,みなかみ町役場
みなべ町,33.772333,135.321434,municipality,,みなべ町役場
みやき町,33.324943,130.45459,municipality,,みやき町役場
みやこ町,33.699236,130.920096,municipality,,みやこ町役場
みやま市,33.152434,130.474734,municipality,,みやま市役所
みよし市,35.089699,137.074728,municipality,,みよし市役所
むかわ町,42.574741,141.926761,municipality,,むかわ町役場
むつ市,41.292835,141.183174,municipality,,むつ市役所
ニセコ町,42.805029,140.687991,municipality,,ニセコ町役場
一宮市,35.304013,136.802344,municipality,,一宮市役所
一宮町,35.372812,140.368734,municipality,,一宮町役場
一戸町,40.212733,141.29546,municipality,,一戸町役場
一関市,38.934754,141.126759,municipality,,一関市役所
七ケ宿町,37.993063,140.441615,municipality,,七ケ宿町役場
七ヶ浜町,38.304554,141.059143,municipality,,七ヶ浜町役場
七宗町,35.54384,137.119946,municipality,,七宗町役場
七尾市,37.043108,136.967296,municipality,,七尾市役所
七戸町,40.744714,141.157991,municipality,,七戸町役場
七飯町,41.895711,140.694405,municipality,,七飯町役場
三原市,34.39747,133.078525,municipality,,三原市役所
三原村,32.90609,132.84725,municipality,,三原村役場
三好市,34.026411,133.807054,municipality,,三好市役所
三宅村,34.075779,139.479747,municipality,,三宅村役場
三宅町,34.573678,135.773177,municipality,,三宅町役場
三島市,35.118483,138.918501,municipality,,三島市役所
三島村,31.594533,130.560735,municipality,,三島村役場
三島町,37.470292,139.644441,municipality,,三島町役場
三川町,38.794529,139.849612,municipality,,三川町役場
三戸町,40.378423,141.25874,municipality,,三戸町役場
三春町,37.4405,140.493389,municipality,,三春町役場
三朝町,35.408461,133.861742,municipality,,三朝町役場
三木市,34.796922,134.990188,municipality,,三木市役所
三木町,34.268355,134.134363,municipality,,三木町役場
三条市,37.636768,138.9617,municipality,,三条市役所
三次市,34.805627,132.85179,municipality,,三次市役所
三沢市,40.683078,141.369093,municipality,,三沢市役所
三浦市,35.144176,139.620765,municipality,,三浦市役所
三田市,34.889672,135.22529,municipality,,三田市役所
三種町,40.101615,140.004981,municipality,,三種町役場
三笠市,43.245622,141.875342,municipality,,三笠市役所
三股町,31.730686,131.12492,municipality,,三股町役場
三芳町,35.828347,139.526514,municipality,,三芳町役場
三豊市,34.182556,133.715203,municipality,,三豊市役所
三郷市,35.830132,139.872247,municipality,,三郷市役所
三郷町,34.599977,135.695425,municipality,,三郷町役場
三重明和町,34.547528,136.623251,ward,三重,明和町役場（三重）
三重朝日町,35.034221,136.664366,ward,三重,朝日町役場（三重）
三重県,34.730278,136.508611,prefecture,,三重県庁
三鷹市,35.683308,139.559883,municipality,,三鷹市役所
上ノ国町,41.801042,140.121398,municipality,,上ノ国町役場
上三川町,36.439268,139.910214,municipality,,上三川町役場
上京区,35.029553,135.756718,municipality,,上京区役所
上勝町,33.888841,134.401819,municipality,,上勝町役場
上北山村,34.134321,136.000149,municipality,,上北山村役場
上士幌町,43.232615,143.296243,municipality,,上士幌町役場
上天草市,32.587422,130.430405,municipality,,上天草市役所
上富田町,33.696352,135.428802,municipality,,上富田町役場
上富良野町,43.455614,142.467112,municipality,,上富良野町役場
上小阿仁村,40.063263,140.295736,municipality,,上小阿仁村役場
上尾市,35.977408,139.593203,municipality,,上尾市役所
上山市,38.149562,140.26783,municipality,,上山市役所
上峰町,33.319626,130.426137,municipality,,上峰町役場
上島町,34.257467,133.204492,municipality,,上島町役場
上川町,43.847128,142.770459,municipality,,上川町役場
上市町,36.698429,137.362586,municipality,,上市町役場
上松町,35.782187,137.693235,municipality,,上松町役場
上板町,34.121365,134.404999,municipality,,上板町役場
上毛町,33.578425,131.164207,municipality,,上毛町役場
上牧町,34.562723,135.716674,municipality,,上牧町役場
上田市,36.401978,138.248676,municipality,,上田市役所
上砂川町,43.48271,141.984202,municipality,,上砂川町役場
上越市,37.147873,138.236039,municipality,,上越市役所
上郡町,34.873583,134.356098,municipality,,上郡町役場
上里町,36.251615,139.14487,municipality,,上里町役場
上野原市,35.630301,139.108751,municipality,,上野原市役所
上野村,36.083135,138.777334,municipality,,上野村役場
上関町,33.830795,132.110214,municipality,,上関町役場
下京区,34.98756,135.755469,municipality,,下京区役所
下仁田町,36.21247,138.789083,municipality,,下仁田町役場
下北山村,34.004885,135.954153,municipality,,下北山村役場
下呂市,35.805879,137.244061,municipality,,下呂市役所
下妻市,36.184388,139.968231,municipality,,下妻市役所
下川町,44.302576,142.635219,municipality,,下川町役場
下市町,34.360951,135.791872,municipality,,下市町役場
下松市,34.015038,131.870317,municipality,,下松市役所
下條村,35.39733,137.785926,municipality,,下條村役場
下田市,34.69867,138.938735,municipality,,下田市役所
下諏訪町,36.069577,138.080068,municipality,,下諏訪町役場
下郷町,37.255571,139.872084,municipality,,下郷町役場
下野市,36.395227,139.85192,municipality,,下野市役所
下関市,33.957279,130.940935,municipality,,下関市役所
与論町,27.044947,128.421638,municipality,,与論町役場
与謝野町,35.565375,135.152916,municipality,,与謝野町役場
与那原町,26.199577,127.754456,municipality,,与那原町役場
与那国町,24.468034,123.004496,municipality,,与那国町役場
世田谷区,35.646481,139.653208,municipality,,世田谷区役所
世羅町,34.586837,133.056631,municipality,,世羅町役場
中之条町,36.589843,138.841075,municipality,,中之条町役場
中井町,35.330751,139.218766,municipality,,中井町役場
中京区,35.010404,135.751433,municipality,,中京区役所
中原区,35.576258,139.655756,municipality,,中原区役所
中土佐町,33.329273,133.224785,municipality,,中土佐町役場
中城村,26.26201,127.789618,municipality,,中城村役場
中央区,35.670587,139.772003,municipality,,中央区役所
中央市,35.599643,138.517269,municipality,,中央市役所
中富良野町,43.405576,142.425034,municipality,,中富良野町役場
中山町,38.333122,140.283051,municipality,,中山町役場
中島村,37.148756,140.35023,municipality,,中島村役場
中川区,35.141539,136.854816,municipality,,中川区役所
中川村,35.634617,137.945961,municipality,,中川村役場
中川町,44.811488,142.071409,municipality,,中川町役場
中札内村,42.697864,143.134395,municipality,,中札内村役場
中村区,35.176718,136.868633,municipality,,中村区役所
中標津町,43.555191,144.971504,municipality,,中標津町役場
中泊町,40.960427,140.434122,municipality,,中泊町役場
中津川市,35.487493,137.500616,municipality,,中津川市役所
中津市,33.598302,131.18824,municipality,,中津市役所
中種子町,30.532821,130.958847,municipality,,中種子町役場
中能登町,36.98889,136.901476,municipality,,中能登町役場
中野区,35.708904,139.662881,municipality,,中野区役所
中野市,36.742027,138.36947,municipality,,中野市役所
中間市,33.816699,130.709026,municipality,,中間市役所
中頓別町,44.96971,142.286705,municipality,,中頓別町役場
串本町,33.485686,135.787016,municipality,,串本町役場
串間市,31.464539,131.228306,municipality,,串間市役所
丸亀市,34.289886,133.798713,municipality,,丸亀市役所
丸森町,37.911536,140.765365,municipality,,丸森町役場
丹波山村,35.791744,138.917785,municipality,,丹波山村役場
丹波市,35.177259,135.035816,municipality,,丹波市役所
久万高原町,33.655603,132.901665,municipality,,久万高原町役場
久喜市,36.062059,139.666838,municipality,,久喜市役所
久山町,33.646726,130.499906,municipality,,久山町役場
久御山町,34.881502,135.732564,municipality,,久御山町役場
久慈市,40.190466,141.775644,municipality,,久慈市役所
久留米市,33.319286,130.508371,municipality,,久留米市役所
久米南町,34.928971,133.960462,municipality,,久米南町役場
久米島町,26.340669,126.805021,municipality,,久米島町役場
乙部町,41.968504,140.13546,municipality,,乙部町役場
九十九里町,35.535065,140.44025,municipality,,九十九里町役場
九度山町,34.287192,135.562242,municipality,,九度山町役場
九戸村,40.211356,141.418982,municipality,,九戸村役場
九重町,33.228521,131.188797,municipality,,九重町役場
亀山市,34.855755,136.451645,municipality,,亀山市役所
亀岡市,35.013475,135.573512,municipality,,亀岡市役所
二宮町,35.299494,139.255525,municipality,,二宮町役場
二戸市,40.271193,141.304805,municipality,,二戸市役所
二本松市,37.584783,140.431199,municipality,,二本松市役所
五ヶ瀬町,32.68338,131.19691,municipality,,五ヶ瀬町役場
五城目町,39.943895,140.111309,municipality,,五城目町役場
五島市,32.695777,128.84089,municipality,,五島市役所
五戸町,40.531208,141.307813,municipality,,五戸町役場
五所川原市,40.807835,140.446118,municipality,,五所川原市役所
五木村,32.397343,130.827833,municipality,,五木村役場
五條市,34.356358,135.695556,municipality,,五條市役所
五泉市,37.744483,139.182568,municipality,,五泉市役所
五霞町,36.114116,139.745832,municipality,,五霞町役場
井原市,34.597709,133.463798,municipality,,井原市役所
井川町,39.914188,140.081265,municipality,,井川町役場
井手町,34.800697,135.814576,municipality,,井手町役場
亘理町,38.044263,140.867924,municipality,,亘理町役場
交野市,34.787958,135.679978,municipality,,交野市役所
京丹後市,35.624169,135.060997,municipality,,京丹後市役所
京丹波町,35.169997,135.419305,municipality,,京丹波町役場
京極町,42.858216,140.883999,municipality,,京極町役場
京田辺市,34.814442,135.767842,municipality,,京田辺市役所
京都市,35.011574,135.768181,municipality,,京都市役所
京都市北区,35.04097,135.753991,ward,京都市,北区役所（京都市）
京都市南区,34.976756,135.746418,ward,京都市,南区役所（京都市）
京都府,35.021242,135.755613,prefecture,,京都府庁
人吉市,32.205633,130.760157,municipality,,人吉市役所
仁木町,43.151675,140.766168,municipality,,仁木町役場
仁淀川町,33.575286,133.171,municipality,,仁淀川町役場
今別町,41.181875,140.48161,municipality,,今別町役場
今帰仁村,26.682795,127.972915,municipality,,今帰仁村役場
今治市,34.066043,132.997658,municipality,,今治市役所
今金町,42.429373,140.008766,municipality,,今金町役場
仙北市,39.700044,140.730728,municipality,,仙北市役所
仙台市,38.268008,140.869617,municipality,,仙台市役所
仙台市泉区,38.326361,140.881615,ward,仙台市,泉区役所（仙台市）
仙台市青葉区,38.269087,140.870378,ward,仙台市,青葉区役所（仙台市）
伊万里市,33.264741,129.880702,municipality,,伊万里市役所
伊丹市,34.784461,135.400375,municipality,,伊丹市役所
伊予市,33.757461,132.703778,municipality,,伊予市役所
伊仙町,27.673157,128.937712,municipality,,伊仙町役場
伊佐市,32.057152,130.612934,municipality,,伊佐市役所
伊勢原市,35.402985,139.314906,municipality,,伊勢原市役所
伊勢崎市,36.311341,139.19696,municipality,,伊勢崎市役所
伊勢市,34.487506,136.709286,municipality,,伊勢市役所
伊奈町,35.999865,139.623877,municipality,,伊奈町役場
伊平屋村,27.039169,127.96862,municipality,,伊平屋村役場
伊方町,33.488593,132.353998,municipality,,伊方町役場
伊是名村,26.923692,127.941323,municipality,,伊是名村役場
伊東市,34.96568,139.102048,municipality,,伊東市役所
伊根町,35.675172,135.272853,municipality,,伊根町役場
伊江村,26.71349,127.807014,municipality,,伊江村役場
伊豆の国市,35.027713,138.928885,municipality,,伊豆の国市役所
伊豆市,34.976591,138.946715,municipality,,伊豆市役所
伊賀市,34.749886,136.142286,municipality,,伊賀市役所
伊那市,35.827478,137.954083,municipality,,伊那市役所
伏見区,34.936111,135.761389,municipality,,伏見区役所
会津坂下町,37.561457,139.821732,municipality,,会津坂下町役場
会津美里町,37.465166,139.834571,municipality,,会津美里町役場
会津若松市,37.494432,139.929634,municipality,,会津若松市役所
伯耆町,35.38523,133.407384,municipality,,伯耆町役場
住之江区,34.60967,135.482717,municipality,,住之江区役所
住吉区,34.603718,135.500498,municipality,,住吉区役所
住田町,39.142209,141.575052,municipality,,住田町役場
佐々町,33.237965,129.650946,municipality,,佐々町役場
佐世保市,33.179904,129.71509,municipality,,佐世保市役所
佐久市,36.248788,138.476831,municipality,,佐久市役所
佐久穂町,36.160255,138.483538,municipality,,佐久穂町役場
佐井村,41.429718,140.859175,municipality,,佐井村役場
佐伯区,34.36446,132.36082,municipality,,佐伯区役所
佐伯市,32.960204,131.899499,municipality,,佐伯市役所
佐倉市,35.723441,140.223972,municipality,,佐倉市役所
佐呂間町,44.017859,143.774714,municipality,,佐呂間町役場
佐川町,33.500809,133.286642,municipality,,佐川町役場
佐渡市,38.018302,138.368138,municipality,,佐渡市役所
佐用町,35.004296,134.355771,municipality,,佐用町役場
佐賀市,33.263543,130.300835,municipality,,佐賀市役所
佐賀県,33.249322,130.298799,prefecture,,佐賀県庁
佐那河内村,33.993786,134.457703,municipality,,佐那河内村役場
佐野市,36.314369,139.578356,municipality,,佐野市役所
余市町,43.195343,140.783542,municipality,,余市町役場
保土ケ谷区,35.459854,139.596029,municipality,,保土ケ谷区役所
信濃町,36.806379,138.206991,municipality,,信濃町役場
倉吉市,35.430182,133.825561,municipality,,倉吉市役所
倉敷市,34.584677,133.772281,municipality,,倉敷市役所
倶知安町,42.901458,140.759012,municipality,,倶知安町役場
備前市,34.745183,134.188803,municipality,,備前市役所
光市,33.961916,131.942296,municipality,,光市役所
入善町,36.925074,137.50514,municipality,,入善町役場
入間市,35.835769,139.391058,municipality,,入間市役所
八丈町,33.112802,139.789065,municipality,,八丈町役場
八代市,32.507498,130.601808,municipality,,八代市役所
八千代市,35.722381,140.099915,municipality,,八千代市役所
八千代町,36.181632,139.891145,municipality,,八千代町役場
八女市,33.211427,130.55815,municipality,,八女市役所
八尾市,34.626884,135.600948,municipality,,八尾市役所
八峰町,40.318715,140.038618,municipality,,八峰町役場
八幡市,34.875439,135.707124,municipality,,八幡市役所
八幡平市,39.956511,141.07112,municipality,,八幡平市役所
八幡東区,33.86354,130.811892,municipality,,八幡東区役所
八幡浜市,33.462898,132.423334,municipality,,八幡浜市役所
八幡西区,33.86641,130.764303,municipality,,八幡西区役所
八戸市,40.512278,141.488404,municipality,,八戸市役所
八潮市,35.822308,139.839666,municipality,,八潮市役所
八王子市,35.66657,139.316075,municipality,,八王子市役所
八百津町,35.475988,137.141499,municipality,,八百津町役場
八街市,35.665859,140.317913,municipality,,八街市役所
八郎潟町,39.949023,140.073358,municipality,,八郎潟町役場
八重瀬町,26.15834,127.718649,municipality,,八重瀬町役場
八雲町,42.255918,140.265224,municipality,,八雲町役場
八頭町,35.409211,134.250526,municipality,,八頭町役場
六ヶ所村,40.967375,141.374434,municipality,,六ヶ所村役場
六戸町,40.609526,141.324958,municipality,,六戸町役場
共和町,42.980407,140.611175,municipality,,共和町役場
兵庫区,34.680584,135.165383,municipality,,兵庫区役所
兵庫太子町,34.833246,134.572319,ward,兵庫,太子町役場（兵庫）
兵庫県,34.691257,135.183078,prefecture,,兵庫県庁
内子町,33.532937,132.658083,municipality,,内子町役場
内灘町,36.65353,136.645125,municipality,,内灘町役場
出水市,32.090458,130.352647,municipality,,出水市役所
出雲崎町,37.530715,138.709361,municipality,,出雲崎町役場
出雲市,35.366917,132.754712,municipality,,出雲市役所
函南町,35.088937,138.953348,municipality,,函南町役場
函館市,41.768712,140.729108,municipality,,函館市役所
刈羽村,37.422361,138.622442,municipality,,刈羽村役場
刈谷市,34.988864,137.00206,municipality,,刈谷市役所
初山別村,44.532149,141.766342,municipality,,初山別村役場
別府市,33.284642,131.491328,municipality,,別府市役所
別海町,43.39399,145.117341,municipality,,別海町役場
利尻富士町,45.247459,141.214719,municipality,,利尻富士町役場
利尻町,45.187041,141.139597,municipality,,利尻町役場
利島村,34.529354,139.282584,municipality,,利島村役場
利府町,38.330355,140.975793,municipality,,利府町役場
利根町,35.857825,140.139106,municipality,,利根町役場
前橋市,36.389413,139.063493,municipality,,前橋市役所
剣淵町,44.095746,142.361007,municipality,,剣淵町役場
加古川市,34.75662,134.8409,municipality,,加古川市役所
加東市,34.91737,134.973345,municipality,,加東市役所
加美町,38.57177,140.854759,municipality,,加美町役場
加茂市,37.666335,139.04022,municipality,,加茂市役所
加西市,34.927811,134.841819,municipality,,加西市役所
加賀市,36.302669,136.314685,municipality,,加賀市役所
加須市,36.131438,139.601775,municipality,,加須市役所
勝央町,35.04179,134.116172,municipality,,勝央町役場
勝山市,36.060917,136.500542,municipality,,勝山市役所
勝浦市,35.152211,140.320868,municipality,,勝浦市役所
勝浦町,33.931453,134.511251,municipality,,勝浦町役場
北上市,39.286817,141.113157,municipality,,北上市役所
北中城村,26.30077,127.79295,municipality,,北中城村役場
北九州市,33.883408,130.875183,municipality,,北九州市役所
北区,35.752805,139.733657,municipality,,北区役所
北名古屋市,35.245657,136.865961,municipality,,北名古屋市役所
北塩原村,37.655673,139.937383,municipality,,北塩原村役場
北大東村,25.945712,131.298917,municipality,,北大東村役場
北山村,33.9321,135.969303,municipality,,北山村役場
北島町,34.125594,134.546985,municipality,,北島町役場
北川村,33.447694,134.042069,municipality,,北川村役場
北広島市,42.985663,141.563625,municipality,,北広島市役所
北広島町,34.674541,132.538427,municipality,,北広島町役場
北斗市,41.824174,140.653067,municipality,,北斗市役所
北方町,35.435721,136.684408,municipality,,北方町役場
北本市,36.027026,139.53024,municipality,,北本市役所
北杜市,35.776501,138.423537,municipality,,北杜市役所
北栄町,35.490011,133.758294,municipality,,北栄町役場
北海道,43.064325,141.346878,prefecture,,北海道庁
北海道伊達市,42.471898,140.864702,ward,北海道,伊達市役所（北海道）
北海道日高町,42.480318,142.074359,ward,北海道,日高町役場（北海道）
北海道松前町,41.429981,140.110403,ward,北海道,松前町役場（北海道）
北海道森町,42.104992,140.576446,ward,北海道,森町役場（北海道）
北海道池田町,42.92898,143.448472,ward,北海道,池田町役場（北海道）
北海道清水町,43.011423,142.884568,ward,北海道,清水町役場（北海道）
北相木村,36.059195,138.551203,municipality,,北相木村役場
北秋田市,40.226046,140.370728,municipality,,北秋田市役所
北竜町,43.731426,141.879409,municipality,,北竜町役場
北茨城市,36.801892,140.751032,municipality,,北茨城市役所
北見市,43.802906,143.894677,municipality,,北見市役所
北谷町,26.320069,127.763901,municipality,,北谷町役場
匝瑳市,35.707914,140.564356,municipality,,匝瑳市役所
十和田市,40.612703,141.20591,municipality,,十和田市役所
十島村,31.593157,130.560588,municipality,,十島村役場
十日町市,37.127588,138.75571,municipality,,十日町市役所
十津川村,33.988504,135.792611,municipality,,十津川村役場
千代田区,35.694003,139.753634,municipality,,千代田区役所
千代田町,36.217754,139.442437,municipality,,千代田町役場
千早赤阪村,34.464601,135.622531,municipality,,千早赤阪村役場
千曲市,36.530707,138.114895,municipality,,千曲市役所
千歳市,42.821124,141.651139,municipality,,千歳市役所
千種区,35.166534,136.9464,municipality,,千種区役所
千葉市,35.607037,140.106068,municipality,,千葉市役所
千葉市中央区,35.607428,140.123049,ward,千葉市,中央区役所（千葉市）
千葉市緑区,35.560501,140.176153,ward,千葉市,緑区役所（千葉市）
千葉県,35.60456,140.123154,prefecture,,千葉県庁
半田市,34.892626,136.93785,municipality,,半田市役所
南あわじ市,34.294417,134.779952,municipality,,南あわじ市役所
南さつま市,31.41657,130.323494,municipality,,南さつま市役所
南アルプス市,35.608361,138.465005,municipality,,南アルプス市役所
南三陸町,38.680666,141.462492,municipality,,南三陸町役場
南丹市,35.107288,135.470697,municipality,,南丹市役所
南九州市,31.378251,130.441623,municipality,,南九州市役所
南伊勢町,34.352059,136.70365,municipality,,南伊勢町役場
南伊豆町,34.651089,138.858533,municipality,,南伊豆町役場
南会津町,37.200389,139.773215,municipality,,南会津町役場
南国市,33.575673,133.64146,municipality,,南国市役所
南城市,26.16319,127.770625,municipality,,南城市役所
南大東村,25.828903,131.231872,municipality,,南大東村役場
南大隅町,31.217486,130.768442,municipality,,南大隅町役場
南富良野町,43.164088,142.568522,municipality,,南富良野町役場
南小国町,33.098192,131.070724,municipality,,南小国町役場
南山城村,34.772787,135.993665,municipality,,南山城村役場
南島原市,32.659716,130.297783,municipality,,南島原市役所
南幌町,43.063739,141.65033,municipality,,南幌町役場
南房総市,35.043147,139.839997,municipality,,南房総市役所
南木曽町,35.603787,137.608936,municipality,,南木曽町役場
南相木村,36.036072,138.54689,municipality,,南相木村役場
南相馬市,37.642197,140.957237,municipality,,南相馬市役所
南知多町,34.715169,136.929934,municipality,,南知多町役場
南砺市,36.557453,136.875434,municipality,,南砺市役所
南種子町,30.413905,130.900937,municipality,,南種子町役場
南箕輪村,35.872853,137.975084,municipality,,南箕輪村役場
南越前町,35.83515,136.194435,municipality,,南越前町役場
南足柄市,35.320633,139.099729,municipality,,南足柄市役所
南関町,33.059565,130.54364,municipality,,南関町役場
南阿蘇村,32.845046,131.017881,municipality,,南阿蘇村役場
南陽市,38.055116,140.148309,municipality,,南陽市役所
南風原町,26.191122,127.728554,municipality,,南風原町役場
南魚沼市,37.065522,138.876081,municipality,,南魚沼市役所
博多区,33.590895,130.414354,municipality,,博多区役所
占冠村,42.979836,142.398526,municipality,,占冠村役場
印南町,33.819533,135.222515,municipality,,印南町役場
印西市,35.832332,140.145765,municipality,,印西市役所
厚別区,43.036213,141.474733,municipality,,厚別区役所
厚岸町,43.051951,144.847443,municipality,,厚岸町役場
厚木市,35.443049,139.362442,municipality,,厚木市役所
厚沢部町,41.920895,140.225475,municipality,,厚沢部町役場
厚真町,42.723566,141.877841,municipality,,厚真町役場
原村,35.964354,138.217471,municipality,,原村役場
双葉町,37.452904,141.006374,municipality,,双葉町役場
取手市,35.911474,140.050305,municipality,,取手市役所
古平町,43.265353,140.639078,municipality,,古平町役場
古座川町,33.53199,135.814999,municipality,,古座川町役場
古殿町,37.089182,140.555692,municipality,,古殿町役場
古河市,36.178228,139.755371,municipality,,古河市役所
古賀市,33.728664,130.469995,municipality,,古賀市役所
只見町,37.348657,139.315789,municipality,,只見町役場
可児市,35.426132,137.061075,municipality,,可児市役所
台東区,35.712607,139.779984,municipality,,台東区役所
右京区,35.010116,135.715996,municipality,,右京区役所
各務原市,35.398621,136.848479,municipality,,各務原市役所
合志市,32.885996,130.789726,municipality,,合志市役所
吉備中央町,34.863404,133.6935,municipality,,吉備中央町役場
吉富町,33.602643,131.175951,municipality,,吉富町役場
吉岡町,36.447443,139.0097,municipality,,吉岡町役場
吉川市,35.895962,139.855651,municipality,,吉川市役所
吉田町,34.77087,138.251943,municipality,,吉田町役場
吉見町,36.039853,139.45373,municipality,,吉見町役場
吉賀町,34.35351,131.935137,municipality,,吉賀町役場
吉野ヶ里町,33.321148,130.398753,municipality,,吉野ヶ里町役場
吉野川市,34.066235,134.358667,municipality,,吉野川市役所
吉野町,34.396046,135.857612,municipality,,吉野町役場
名取市,38.171501,140.891849,municipality,,名取市役所
名古屋市,35.181433,136.906421,municipality,,名古屋市役所
名古屋市中区,35.168607,136.910156,ward,名古屋市,中区役所（名古屋市）
名古屋市北区,35.194169,136.911558,ward,名古屋市,北区役所（名古屋市）
名古屋市南区,35.095127,136.931212,ward,名古屋市,南区役所（名古屋市）
名古屋市東区,35.179314,136.926043,ward,名古屋市,東区役所（名古屋市）
名古屋市港区,35.107792,136.885553,ward,名古屋市,港区役所（名古屋市）
名古屋市緑区,35.070721,136.952602,ward,名古屋市,緑区役所（名古屋市）
名古屋市西区,35.189109,136.890058,ward,名古屋市,西区役所（名古屋市）
名寄市,44.355924,142.463134,municipality,,名寄市役所
名張市,34.627662,136.108299,municipality,,名張市役所
名東区,35.175862,137.010239,municipality,,名東区役所
名護市,26.591555,127.977474,municipality,,名護市役所
向日市,34.94838,135.698371,municipality,,向日市役所
君津市,35.330424,139.902561,municipality,,君津市役所
吹田市,34.759405,135.516799,municipality,,吹田市役所
呉市,34.249254,132.565805,municipality,,呉市役所
周南市,34.055135,131.806293,municipality,,周南市役所
周防大島町,33.927628,132.19532,municipality,,周防大島町役場
和光市,35.781104,139.605693,municipality,,和光市役所
和寒町,44.023119,142.413383,municipality,,和寒町役場
和木町,34.202408,132.220405,municipality,,和木町役場
和束町,34.795726,135.904866,municipality,,和束町役場
和歌山市,34.230514,135.170808,municipality,,和歌山市役所
和歌山広川町,34.029957,135.173072,ward,和歌山,広川町役場（和歌山）
和歌山日高町,33.925677,135.141072,ward,和歌山,日高町役場（和歌山）
和歌山県,34.226111,135.1675,prefecture,,和歌山県庁
和歌山美浜町,33.893806,135.133265,ward,和歌山,美浜町役場（和歌山）
和気町,34.802882,134.157539,municipality,,和気町役場
和水町,32.978158,130.605813,municipality,,和水町役場
和泉市,34.483151,135.423306,municipality,,和泉市役所
和泊町,27.392559,128.655253,municipality,,和泊町役場
品川区,35.609066,139.73025,municipality,,品川区役所
唐津市,33.449801,129.96768,municipality,,唐津市役所
善通寺市,34.22716,133.787188,municipality,,善通寺市役所
喜多方市,37.651134,139.874484,municipality,,喜多方市役所
喜界町,28.316838,129.940035,municipality,,喜界町役場
喜茂別町,42.795439,140.934532,municipality,,喜茂別町役場
喬木村,35.513823,137.873751,municipality,,喬木村役場
嘉島町,32.740072,130.757303,municipality,,嘉島町役場
嘉手納町,26.361723,127.75538,municipality,,嘉手納町役場
嘉麻市,33.598421,130.719217,municipality,,嘉麻市役所
四万十市,32.991385,132.93375,municipality,,四万十市役所
四万十町,33.211606,133.137037,municipality,,四万十町役場
四国中央市,33.980694,133.549188,municipality,,四国中央市役所
四日市市,34.965092,136.624427,municipality,,四日市市役所
四條畷市,34.740064,135.639727,municipality,,四條畷市役所
四街道市,35.670288,140.168259,municipality,,四街道市役所
国分寺市,35.696728,139.469781,municipality,,国分寺市役所
国富町,31.990646,131.323535,municipality,,国富町役場
国東市,33.563327,131.732264,municipality,,国東市役所
国立市,35.683912,139.441366,municipality,,国立市役所
国見町,37.87681,140.549273,municipality,,国見町役場
国頭村,26.745725,128.178303,municipality,,国頭村役場
土佐市,33.495999,133.425055,municipality,,土佐市役所
土佐清水市,32.781603,132.9551,municipality,,土佐清水市役所
土佐町,33.737026,133.531791,municipality,,土佐町役場
土岐市,35.352497,137.183205,municipality,,土岐市役所
土庄町,34.486653,134.188629,municipality,,土庄町役場
土浦市,36.078391,140.204143,municipality,,土浦市役所
坂井市,36.166805,136.231501,municipality,,坂井市役所
坂出市,34.316692,133.860493,municipality,,坂出市役所
坂城町,36.461839,138.180106,municipality,,坂城町役場
坂戸市,35.957262,139.402983,municipality,,坂戸市役所
坂東市,36.048363,139.88868,municipality,,坂東市役所
坂町,34.341282,132.513639,municipality,,坂町役場
坂祝町,35.426734,136.98537,municipality,,坂祝町役場
垂井町,35.366249,136.537965,municipality,,垂井町役場
垂水区,34.63061,135.056919,municipality,,垂水区役所
垂水市,31.492758,130.70093,municipality,,垂水市役所
城南区,33.575686,130.369912,municipality,,城南区役所
城東区,34.703199,135.544812,municipality,,城東区役所
城里町,36.479297,140.376241,municipality,,城里町役場
城陽市,34.852958,135.780074,municipality,,城陽市役所
基山町,33.426944,130.523052,municipality,,基山町役場
埼玉県,35.857033,139.649012,prefecture,,埼玉県庁
埼玉美里町,36.177104,139.18141,ward,埼玉,美里町役場（埼玉）
堺区,34.573354,135.48302,municipality,,堺区役所
堺市,34.573354,135.48302,municipality,,堺市役所
堺市中区,34.528312,135.498724,ward,堺市,中区役所（堺市）
堺市北区,34.565478,135.517192,ward,堺市,北区役所（堺市）
堺市南区,34.486444,135.49054,ward,堺市,南区役所（堺市）
堺市東区,34.538228,135.536474,ward,堺市,東区役所（堺市）
堺市西区,34.535063,135.464014,ward,堺市,西区役所（堺市）
塙町,36.956877,140.409805,municipality,,塙町役場
塩尻市,36.11502,137.95338,municipality,,塩尻市役所
塩竈市,38.31436,141.02203,municipality,,塩竈市役所
塩谷町,36.778896,139.856942,municipality,,塩谷町役場
境港市,35.539606,133.2316,municipality,,境港市役所
境町,36.108529,139.795054,municipality,,境町役場
増毛町,43.856063,141.524978,municipality,,増毛町役場
墨田区,35.710724,139.801497,municipality,,墨田区役所
士別市,44.178182,142.400927,municipality,,士別市役所
士幌町,43.168047,143.241344,municipality,,士幌町役場
壬生町,36.442178,139.814668,municipality,,壬生町役場
壮瞥町,42.552556,140.885472,municipality,,壮瞥町役場
壱岐市,33.749978,129.691377,municipality,,壱岐市役所
売木村,35.271068,137.711191,municipality,,売木村役場
夕張市,43.056814,141.974069,municipality,,夕張市役所
外ヶ浜町,41.043159,140.632243,municipality,,外ヶ浜町役場
多久市,33.288513,130.110061,municipality,,多久市役所
多古町,35.735592,140.467727,municipality,,多古町役場
多可町,35.050315,134.923359,municipality,,多可町役場
多度津町,34.272711,133.758553,municipality,,多度津町役場
多摩区,35.619609,139.562113,municipality,,多摩区役所
多摩市,35.636959,139.446366,municipality,,多摩市役所
多気町,34.496156,136.546149,municipality,,多気町役場
多治見市,35.332773,137.132078,municipality,,多治見市役所
多良木町,32.264039,130.935795,municipality,,多良木町役場
多良間村,24.669449,124.701693,municipality,,多良間村役場
多賀城市,38.293803,141.004369,municipality,,多賀城市役所
多賀町,35.222035,136.292199,municipality,,多賀町役場
大井町,35.326619,139.156649,municipality,,大井町役場
大仙市,39.45309,140.475448,municipality,,大仙市役所
大任町,33.612164,130.853742,municipality,,大任町役場
大刀洗町,33.372425,130.622454,municipality,,大刀洗町役場
大分市,33.239526,131.609377,municipality,,大分市役所
大分県,33.238056,131.6125,prefecture,,大分県庁
大口町,35.332444,136.907694,municipality,,大口町役場
大台町,34.39337,136.407876,municipality,,大台町役場
大和市,35.487515,139.45795,municipality,,大和市役所
大和村,28.358076,129.395262,municipality,,大和村役場
大和町,38.43733,140.886309,municipality,,大和町役場
大和郡山市,34.649616,135.782715,municipality,,大和郡山市役所
大和高田市,34.51575,135.737387,municipality,,大和高田市役所
大垣市,35.35989,136.612795,municipality,,大垣市役所
大多喜町,35.284822,140.245419,municipality,,大多喜町役場
大子町,36.764415,140.363437,municipality,,大子町役場
大宜味村,26.701778,128.120105,municipality,,大宜味村役場
大宮区,35.901785,139.630631,municipality,,大宮区役所
大山崎町,34.902795,135.688476,municipality,,大山崎町役場
大山町,35.510779,133.496123,municipality,,大山町役場
大島町,34.750058,139.355619,municipality,,大島町役場
大崎上島町,34.269552,132.914963,municipality,,大崎上島町役場
大崎市,38.57754,140.955725,municipality,,大崎市役所
大崎町,31.429102,131.005592,municipality,,大崎町役場
大川市,33.206622,130.383922,municipality,,大川市役所
大川村,33.783927,133.466613,municipality,,大川村役場
大府市,35.011611,136.963868,municipality,,大府市役所
大月市,35.610474,138.940041,municipality,,大月市役所
大月町,32.841481,132.70699,municipality,,大月町役場
大木町,33.210453,130.439806,municipality,,大木町役場
大村市,32.89996,129.958217,municipality,,大村市役所
大東市,34.712013,135.623471,municipality,,大東市役所
大桑村,35.68924,137.671432,municipality,,大桑村役場
大槌町,39.358196,141.899731,municipality,,大槌町役場
大樹町,42.497698,143.278989,municipality,,大樹町役場
大正区,34.650417,135.472694,municipality,,大正区役所
大江町,38.380713,140.206793,municipality,,大江町役場
大河原町,38.049412,140.730774,municipality,,大河原町役場
大治町,35.175089,136.8201,municipality,,大治町役場
大泉町,36.247862,139.404843,municipality,,大泉町役場
大洗町,36.313356,140.574888,municipality,,大洗町役場
大津市,35.018357,135.854666,municipality,,大津市役所
大津町,32.877904,130.868653,municipality,,大津町役場
大洲市,33.506285,132.544514,municipality,,大洲市役所
大淀町,34.390529,135.789798,municipality,,大淀町役場
大潟村,40.017788,139.960064,municipality,,大潟村役場
大熊町,37.382087,140.958264,municipality,,大熊町役場
大牟田市,33.030248,130.446058,municipality,,大牟田市役所
大玉村,37.534362,140.371058,municipality,,大玉村役場
大田区,35.56126,139.715987,municipality,,大田区役所
大田原市,36.871076,140.015458,municipality,,大田原市役所
大田市,35.19209,132.499351,municipality,,大田市役所
大町市,36.502976,137.851169,municipality,,大町市役所
大町町,33.213871,130.116032,municipality,,大町町役場
大石田町,38.593877,140.372647,municipality,,大石田町役場
大磯町,35.30694,139.311348,municipality,,大磯町役場
大空町,43.911858,144.172473,municipality,,大空町役場
大竹市,34.237952,132.222361,municipality,,大竹市役所
大紀町,34.358023,136.415798,municipality,,大紀町役場
大網白里市,35.521708,140.320963,municipality,,大網白里市役所
大船渡市,39.081901,141.708547,municipality,,大船渡市役所
大蔵村,38.704121,140.230368,municipality,,大蔵村役場
大衡村,38.467278,140.879982,municipality,,大衡村役場
大豊町,33.768665,133.643036,municipality,,大豊町役場
大郷町,38.424244,141.00446,municipality,,大郷町役場
大野城市,33.53629,130.478697,municipality,,大野城市役所
大野市,35.980564,136.487692,municipality,,大野市役所
大野町,35.470675,136.627636,municipality,,大野町役場
大間町,41.522388,140.90483,municipality,,大間町役場
大阪太子町,34.518656,135.647734,ward,大阪,太子町役場（大阪）
大阪市,34.693891,135.502046,municipality,,大阪市役所
大阪市中央区,34.681225,135.509687,ward,大阪市,中央区役所（大阪市）
大阪市北区,34.705581,135.510095,ward,大阪市,北区役所（大阪市）
大阪市旭区,34.721266,135.544142,ward,大阪市,旭区役所（大阪市）
大阪市港区,34.663918,135.460611,ward,大阪市,港区役所（大阪市）
大阪市西区,34.676384,135.486111,ward,大阪市,西区役所（大阪市）
大阪市鶴見区,34.704566,135.57419,ward,大阪市,鶴見区役所（大阪市）
大阪府,34.686389,135.52,prefecture,,大阪府庁
大阪狭山市,34.503718,135.555748,municipality,,大阪狭山市役所
大館市,40.271685,140.565241,municipality,,大館市役所
大鰐町,40.518356,140.567878,municipality,,大鰐町役場
大鹿村,35.578234,138.034044,municipality,,大鹿村役場
天城町,27.81166,128.897749,municipality,,天城町役場
天塩町,44.888121,141.745324,municipality,,天塩町役場
天川村,34.241929,135.855135,municipality,,天川村役場
天栄村,37.255576,140.247165,municipality,,天栄村役場
天王寺区,34.657869,135.51937,municipality,,天王寺区役所
天理市,34.596617,135.837367,municipality,,天理市役所
天白区,35.12274,136.975049,municipality,,天白区役所
天竜区,34.872578,137.816234,municipality,,天竜区役所
天童市,38.362177,140.377802,municipality,,天童市役所
天草市,32.458621,130.19301,municipality,,天草市役所
天龍村,35.276307,137.854244,municipality,,天龍村役場
太地町,33.594037,135.943964,municipality,,太地町役場
太宰府市,33.512835,130.523876,municipality,,太宰府市役所
太田市,36.291127,139.37536,municipality,,太田市役所
太白区,38.224395,140.877212,municipality,,太白区役所
太良町,33.019436,130.179126,municipality,,太良町役場
奄美市,28.377273,129.49378,municipality,,奄美市役所
奈井江町,43.425453,141.883536,municipality,,奈井江町役場
奈半利町,33.424179,134.020957,municipality,,奈半利町役場
奈義町,35.123024,134.177427,municipality,,奈義町役場
奈良川上村,34.338121,135.954303,ward,奈良,川上村役場（奈良）
奈良川西町,34.584383,135.773871,ward,奈良,川西町役場（奈良）
奈良市,34.685117,135.804995,municipality,,奈良市役所
奈良県,34.685278,135.832778,prefecture,,奈良県庁
奥出雲町,35.197428,133.002549,municipality,,奥出雲町役場
奥多摩町,35.80952,139.096214,municipality,,奥多摩町役場
奥尻町,42.172264,139.512208,municipality,,奥尻町役場
奥州市,39.144506,141.139116,municipality,,奥州市役所
女川町,38.445388,141.442693,municipality,,女川町役場
妙高市,37.025265,138.253485,municipality,,妙高市役所
妹背牛町,43.700093,141.961606,municipality,,妹背牛町役場
姫島村,33.724536,131.645143,municipality,,姫島村役場
姫路市,34.815496,134.685458,municipality,,姫路市役所
姶良市,31.72837,130.627683,municipality,,姶良市役所
嬉野市,33.128092,130.06012,municipality,,嬉野市役所
嬬恋村,36.516735,138.530298,municipality,,嬬恋村役場
宇佐市,33.532327,131.350337,municipality,,宇佐市役所
宇和島市,33.22334,132.560563,municipality,,宇和島市役所
宇土市,32.687362,130.658435,municipality,,宇土市役所
宇城市,32.647814,130.684287,municipality,,宇城市役所
宇多津町,34.310301,133.825566,municipality,,宇多津町役場
宇検村,28.280773,129.297208,municipality,,宇検村役場
宇治市,34.8844,135.79978,municipality,,宇治市役所
宇治田原町,34.844761,135.868108,municipality,,宇治田原町役場
宇美町,33.567768,130.511208,municipality,,宇美町役場
宇部市,33.951824,131.24731,municipality,,宇部市役所
宇都宮市,36.555115,139.882807,municipality,,宇都宮市役所
宇陀市,34.528073,135.952303,municipality,,宇陀市役所
守口市,34.735811,135.561724,municipality,,守口市役所
守山区,35.203343,136.97633,municipality,,守山区役所
守山市,35.058327,135.99402,municipality,,守山市役所
守谷市,35.951327,139.975465,municipality,,守谷市役所
安中市,36.326298,138.887244,municipality,,安中市役所
安佐北区,34.518282,132.507633,municipality,,安佐北区役所
安佐南区,34.45185,132.471641,municipality,,安佐南区役所
安八町,35.335418,136.665415,municipality,,安八町役場
安城市,34.958644,137.080297,municipality,,安城市役所
安堵町,34.606488,135.756781,municipality,,安堵町役場
安平町,42.762798,141.818047,municipality,,安平町役場
安曇野市,36.303933,137.905755,municipality,,安曇野市役所
安来市,35.431451,133.250851,municipality,,安来市役所
安田町,33.43908,133.981215,municipality,,安田町役場
安芸区,34.371756,132.525542,municipality,,安芸区役所
安芸太田町,34.576731,132.227141,municipality,,安芸太田町役場
安芸市,33.516406,133.905812,municipality,,安芸市役所
安芸高田市,34.666099,132.703977,municipality,,安芸高田市役所
宍粟市,35.004435,134.549377,municipality,,宍粟市役所
宗像市,33.805448,130.540651,municipality,,宗像市役所
宜野座村,26.481585,127.975615,municipality,,宜野座村役場
宜野湾市,26.281581,127.778637,municipality,,宜野湾市役所
宝塚市,34.799817,135.360098,municipality,,宝塚市役所
宝達志水町,36.862759,136.797557,municipality,,宝達志水町役場
室戸市,33.289955,134.151981,municipality,,室戸市役所
室蘭市,42.315204,140.973784,municipality,,室蘭市役所
宮代町,36.022593,139.723069,municipality,,宮代町役場
宮前区,35.589216,139.57858,municipality,,宮前区役所
宮古島市,24.789971,125.294752,municipality,,宮古島市役所
宮古市,39.639554,141.946115,municipality,,宮古市役所
宮城川崎町,38.177751,140.643188,ward,宮城,川崎町役場（宮城）
宮城県,38.26893,140.872147,prefecture,,宮城県庁
宮城美里町,38.5444,141.056717,ward,宮城,美里町役場（宮城）
宮城野区,38.266189,140.909841,municipality,,宮城野区役所
宮崎市,31.907676,131.420244,municipality,,宮崎市役所
宮崎県,31.911111,131.423889,prefecture,,宮崎県庁
宮崎美郷町,32.440256,131.423106,ward,宮崎,美郷町役場（宮崎）
宮津市,35.535577,135.195567,municipality,,宮津市役所
宮田村,35.768882,137.944209,municipality,,宮田村役場
宮若市,33.723624,130.667436,municipality,,宮若市役所
宿毛市,32.934013,132.702033,municipality,,宿毛市役所
寄居町,36.118348,139.193014,municipality,,寄居町役場
富加町,35.484761,136.979707,municipality,,富加町役場
富士吉田市,35.487499,138.807857,municipality,,富士吉田市役所
富士宮市,35.221983,138.621656,municipality,,富士宮市役所
富士川町,35.560952,138.461969,municipality,,富士川町役場
富士市,35.161386,138.676311,municipality,,富士市役所
富士河口湖町,35.497297,138.754926,municipality,,富士河口湖町役場
富士見市,35.856759,139.549074,municipality,,富士見市役所
富士見町,35.914652,138.24074,municipality,,富士見町役場
富山市,36.695982,137.213449,municipality,,富山市役所
富山朝日町,36.946179,137.559868,ward,富山,朝日町役場（富山）
富山県,36.695271,137.211333,prefecture,,富山県庁
富岡市,36.259852,138.889954,municipality,,富岡市役所
富岡町,37.345496,141.008652,municipality,,富岡町役場
富津市,35.30414,139.857113,municipality,,富津市役所
富田林市,34.499675,135.59728,municipality,,富田林市役所
富良野市,43.342354,142.383405,municipality,,富良野市役所
富谷市,38.399918,140.895485,municipality,,富谷市役所
富里市,35.72681,140.343071,municipality,,富里市役所
寒川町,35.372963,139.384188,municipality,,寒川町役場
寒河江市,38.380954,140.276068,municipality,,寒河江市役所
寝屋川市,34.766079,135.628008,municipality,,寝屋川市役所
対馬市,34.202643,129.287518,municipality,,対馬市役所
寿都町,42.790984,140.228891,municipality,,寿都町役場
射水市,36.730479,137.075399,municipality,,射水市役所
小倉北区,33.88089,130.873361,municipality,,小倉北区役所
小倉南区,33.846525,130.884808,municipality,,小倉南区役所
小値賀町,33.191074,129.058766,municipality,,小値賀町役場
小千谷市,37.31435,138.795097,municipality,,小千谷市役所
小坂町,40.332926,140.736191,municipality,,小坂町役場
小城市,33.273776,130.21728,municipality,,小城市役所
小山市,36.314496,139.800778,municipality,,小山市役所
小山町,35.36011,138.987296,municipality,,小山町役場
小川村,36.617135,137.974801,municipality,,小川村役場
小川町,36.056657,139.261789,municipality,,小川町役場
小布施町,36.697478,138.312146,municipality,,小布施町役場
小平市,35.728496,139.477474,municipality,,小平市役所
小平町,44.015141,141.662828,municipality,,小平町役場
小松島市,34.004713,134.590603,municipality,,小松島市役所
小松市,36.408357,136.445588,municipality,,小松市役所
小林市,31.996657,130.972674,municipality,,小林市役所
小樽市,43.190753,140.994605,municipality,,小樽市役所
小浜市,35.495593,135.746647,municipality,,小浜市役所
小海町,36.095241,138.483515,municipality,,小海町役場
小清水町,43.857031,144.462529,municipality,,小清水町役場
小牧市,35.290311,136.910948,municipality,,小牧市役所
小田原市,35.264694,139.152355,municipality,,小田原市役所
小矢部市,36.675531,136.868653,municipality,,小矢部市役所
小竹町,33.696782,130.707784,municipality,,小竹町役場
小笠原村,27.09438,142.191904,municipality,,小笠原村役場
小美玉市,36.239283,140.352589,municipality,,小美玉市役所
小菅村,35.760274,138.940283,municipality,,小菅村役場
小諸市,36.326874,138.426021,municipality,,小諸市役所
小谷村,36.779206,137.908305,municipality,,小谷村役場
小豆島町,34.479714,134.30888,municipality,,小豆島町役場
小郡市,33.39645,130.555541,municipality,,小郡市役所
小野市,34.85788,134.939881,municipality,,小野市役所
小野町,37.286823,140.62628,municipality,,小野町役場
小金井市,35.699479,139.502989,municipality,,小金井市役所
小鹿野町,36.017238,139.00868,municipality,,小鹿野町役場
尼崎市,34.733554,135.406394,municipality,,尼崎市役所
尾張旭市,35.216568,137.035412,municipality,,尾張旭市役所
尾花沢市,38.60062,140.405693,municipality,,尾花沢市役所
尾道市,34.409162,133.205628,municipality,,尾道市役所
尾鷲市,34.070799,136.190998,municipality,,尾鷲市役所
屋久島町,30.389893,130.651119,municipality,,屋久島町役場
山ノ内町,36.744606,138.412621,municipality,,山ノ内町役場
山中湖村,35.410644,138.861078,municipality,,山中湖村役場
山元町,37.962703,140.87809,municipality,,山元町役場
山北町,35.360631,139.083806,municipality,,山北町役場
山口市,34.177845,131.473016,municipality,,山口市役所
山口県,34.185833,131.471389,prefecture,,山口県庁
山形小国町,38.061391,139.743333,ward,山形,小国町役場（山形）
山形川西町,38.005203,140.053181,ward,山形,川西町役場（山形）
山形市,38.255436,140.339605,municipality,,山形市役所
山形朝日町,38.299293,140.145924,ward,山形,朝日町役場（山形）
山形村,36.168104,137.87897,municipality,,山形村役場
山形県,38.24055,140.363358,prefecture,,山形県庁
山形金山町,38.88344,140.339367,ward,山形,金山町役場（山形）
山梨南部町,35.2423,138.486054,ward,山梨,南部町役場（山梨）
山梨市,35.693429,138.686955,municipality,,山梨市役所
山梨県,35.663889,138.568335,prefecture,,山梨県庁
山武市,35.602992,140.413531,municipality,,山武市役所
山江村,32.246465,130.767136,municipality,,山江村役場
山添村,34.681261,136.043797,municipality,,山添村役場
山田町,39.467619,141.948923,municipality,,山田町役場
山県市,35.506111,136.781401,municipality,,山県市役所
山科区,34.972297,135.813625,municipality,,山科区役所
山辺町,38.289217,140.26218,municipality,,山辺町役場
山都町,32.685387,130.990443,municipality,,山都町役場
山陽小野田市,34.003089,131.181786,municipality,,山陽小野田市役所
山鹿市,33.016728,130.691297,municipality,,山鹿市役所
岐南町,35.389594,136.78262,municipality,,岐南町役場
岐阜市,35.426201,136.759937,municipality,,岐阜市役所
岐阜池田町,35.4423,136.572851,ward,岐阜,池田町役場（岐阜）
岐阜県,35.391174,136.723657,prefecture,,岐阜県庁
岡垣町,33.853491,130.611749,municipality,,岡垣町役場
岡山市,34.655107,133.919566,municipality,,岡山市役所
岡山市中区,34.670776,133.943144,ward,岡山市,中区役所（岡山市）
岡山市北区,34.655107,133.919566,ward,岡山市,北区役所（岡山市）
岡山市南区,34.599771,133.919553,ward,岡山市,南区役所（岡山市）
岡山市東区,34.651374,134.029463,ward,岡山市,東区役所（岡山市）
岡山県,34.661739,133.935032,prefecture,,岡山県庁
岡崎市,34.954809,137.172999,municipality,,岡崎市役所
岡谷市,36.067003,138.049557,municipality,,岡谷市役所
岩倉市,35.279433,136.871428,municipality,,岩倉市役所
岩内町,42.979761,140.514773,municipality,,岩内町役場
岩出市,34.256267,135.311451,municipality,,岩出市役所
岩国市,34.1665,132.218942,municipality,,岩国市役所
岩手町,39.972768,141.212166,municipality,,岩手町役場
岩手県,39.70357,141.152652,prefecture,,岩手県庁
岩槻区,35.949882,139.694182,municipality,,岩槻区役所
岩沼市,38.104303,140.869949,municipality,,岩沼市役所
岩泉町,39.843204,141.796675,municipality,,岩泉町役場
岩美町,35.575896,134.332087,municipality,,岩美町役場
岩見沢市,43.196028,141.775355,municipality,,岩見沢市役所
岬町,34.3169,135.142085,municipality,,岬町役場
岸和田市,34.460597,135.370871,municipality,,岸和田市役所
島原市,32.787998,130.3703,municipality,,島原市役所
島本町,34.883446,135.662798,municipality,,島本町役場
島根県,35.472293,133.05052,prefecture,,島根県庁
島根美郷町,35.076512,132.590543,ward,島根,美郷町役場（島根）
島牧村,42.700471,140.061454,municipality,,島牧村役場
島田市,34.836122,138.176948,municipality,,島田市役所
嵐山町,36.056568,139.320514,municipality,,嵐山町役場
川俣町,37.664989,140.598244,municipality,,川俣町役場
川内村,37.33768,140.809266,municipality,,川内村役場
川北町,36.468505,136.542407,municipality,,川北町役場
川南町,32.192009,131.525816,municipality,,川南町役場
川口市,35.806733,139.7234,municipality,,川口市役所
川場村,36.692554,139.103484,municipality,,川場村役場
川島町,35.992494,139.484352,municipality,,川島町役場
川崎区,35.529394,139.703279,municipality,,川崎区役所
川崎市,35.530865,139.703031,municipality,,川崎市役所
川本町,34.995211,132.495853,municipality,,川本町役場
川根本町,35.046822,138.081695,municipality,,川根本町役場
川棚町,33.072743,129.8616,municipality,,川棚町役場
川西市,34.830132,135.417222,municipality,,川西市役所
川越市,35.925112,139.48584,municipality,,川越市役所
川越町,35.02295,136.673971,municipality,,川越町役場
川辺町,35.486548,137.070605,municipality,,川辺町役場
左京区,35.048604,135.778539,municipality,,左京区役所
市原市,35.497897,140.115594,municipality,,市原市役所
市川三郷町,35.56512,138.502406,municipality,,市川三郷町役場
市川市,35.721857,139.931067,municipality,,市川市役所
市川町,34.989365,134.763289,municipality,,市川町役場
市貝町,36.543242,140.102113,municipality,,市貝町役場
帯広市,42.924014,143.196195,municipality,,帯広市役所
常滑市,34.896088,136.854483,municipality,,常滑市役所
常総市,36.023563,139.993934,municipality,,常総市役所
常陸大宮市,36.542592,140.411012,municipality,,常陸大宮市役所
常陸太田市,36.538227,140.530929,municipality,,常陸太田市役所
幌加内町,44.009812,142.153828,municipality,,幌加内町役場
幌延町,45.017635,141.849386,municipality,,幌延町役場
幕別町,42.908198,143.356085,municipality,,幕別町役場
平内町,40.926023,140.955884,municipality,,平内町役場
平取町,42.585098,142.128525,municipality,,平取町役場
平塚市,35.335502,139.349412,municipality,,平塚市役所
平川市,40.583742,140.567123,municipality,,平川市役所
平戸市,33.368065,129.553671,municipality,,平戸市役所
平泉町,38.986781,141.11398,municipality,,平泉町役場
平生町,33.938193,132.073607,municipality,,平生町役場
平田村,37.221995,140.575655,municipality,,平田村役場
平群町,34.629155,135.700711,municipality,,平群町役場
平谷村,35.323279,137.630083,municipality,,平谷村役場
平野区,34.62116,135.545999,municipality,,平野区役所
幸区,35.544449,139.686978,municipality,,幸区役所
幸手市,36.078089,139.725805,municipality,,幸手市役所
幸田町,34.864425,137.165667,municipality,,幸田町役場
広尾町,42.285841,143.311498,municipality,,広尾町役場
広島市,34.385253,132.455337,municipality,,広島市役所
広島市中区,34.386288,132.454992,ward,広島市,中区役所（広島市）
広島市南区,34.379884,132.469061,ward,広島市,南区役所（広島市）
広島市東区,34.395333,132.482384,ward,広島市,東区役所（広島市）
広島市西区,34.393966,132.434426,ward,広島市,西区役所（広島市）
広島府中市,34.568349,133.236323,ward,広島,府中市役所（広島）
広島県,34.396558,132.459646,prefecture,,広島県庁
広野町,37.214403,140.994561,municipality,,広野町役場
広陵町,34.54274,135.750842,municipality,,広陵町役場
庄内町,38.849558,139.904036,municipality,,庄内町役場
庄原市,34.857743,133.017264,municipality,,庄原市役所
府中町,34.392589,132.504544,municipality,,府中町役場
度会町,34.4389,136.62251,municipality,,度会町役場
座間味村,26.228949,127.303205,municipality,,座間味村役場
座間市,35.48864,139.407637,municipality,,座間市役所
延岡市,32.582401,131.664859,municipality,,延岡市役所
廿日市市,34.348416,132.331541,municipality,,廿日市市役所
弘前市,40.602965,140.464008,municipality,,弘前市役所
弟子屈町,43.485352,144.459223,municipality,,弟子屈町役場
弥富市,35.110148,136.724768,municipality,,弥富市役所
弥彦村,37.691007,138.855252,municipality,,弥彦村役場
当別町,43.223637,141.517003,municipality,,当別町役場
当麻町,43.828201,142.508388,municipality,,当麻町役場
彦根市,35.274464,136.259623,municipality,,彦根市役所
御代田町,36.322732,138.506505,municipality,,御代田町役場
御前崎市,34.637977,138.128117,municipality,,御前崎市役所
御坊市,33.891056,135.15229,municipality,,御坊市役所
御宿町,35.191484,140.348785,municipality,,御宿町役場
御嵩町,35.434493,137.130885,municipality,,御嵩町役場
御所市,34.46334,135.740177,municipality,,御所市役所
御杖村,34.488391,136.16591,municipality,,御杖村役場
御殿場市,35.308615,138.934506,municipality,,御殿場市役所
御浜町,33.814505,136.048677,municipality,,御浜町役場
御船町,32.714585,130.801821,municipality,,御船町役場
御蔵島村,33.897156,139.596009,municipality,,御蔵島村役場
徳之島町,27.726329,129.018622,municipality,,徳之島町役場
徳島市,34.070234,134.554713,municipality,,徳島市役所
徳島県,34.06571,134.559419,prefecture,,徳島県庁
忍野村,35.460062,138.847853,municipality,,忍野村役場
志免町,33.591503,130.479807,municipality,,志免町役場
志布志市,31.477513,131.099826,municipality,,志布志市役所
志摩市,34.328218,136.829655,municipality,,志摩市役所
志木市,35.83659,139.580248,municipality,,志木市役所
志賀町,37.006187,136.77801,municipality,,志賀町役場
忠岡町,34.487125,135.401497,municipality,,忠岡町役場
恩納村,26.497502,127.85357,municipality,,恩納村役場
恵庭市,42.882592,141.577799,municipality,,恵庭市役所
恵那市,35.44932,137.412817,municipality,,恵那市役所
愛別町,43.906679,142.577822,municipality,,愛別町役場
愛南町,32.962168,132.583326,municipality,,愛南町役場
愛媛松前町,33.787479,132.711364,ward,愛媛,松前町役場（愛媛）
愛媛県,33.841667,132.766111,prefecture,,愛媛県庁
愛川町,35.528746,139.32172,municipality,,愛川町役場
愛知県,35.180278,136.906667,prefecture,,愛知県庁
愛知美浜町,34.778843,136.908251,ward,愛知,美浜町役場（愛知）
愛荘町,35.168834,136.212306,municipality,,愛荘町役場
愛西市,35.152802,136.728217,municipality,,愛西市役所
成田市,35.776605,140.318781,municipality,,成田市役所
我孫子市,35.864162,140.028225,municipality,,我孫子市役所
戸塚区,35.400223,139.533467,municipality,,戸塚区役所
戸沢村,38.737601,140.143569,municipality,,戸沢村役場
戸田市,35.817635,139.677931,municipality,,戸田市役所
戸畑区,33.893442,130.8298,municipality,,戸畑区役所
所沢市,35.799672,139.468613,municipality,,所沢市役所
手稲区,43.121972,141.245782,municipality,,手稲区役所
扶桑町,35.35914,136.913079,municipality,,扶桑町役場
指宿市,31.252805,130.633118,municipality,,指宿市役所
掛川市,34.768717,137.998403,municipality,,掛川市役所
揖斐川町,35.486948,136.5682,municipality,,揖斐川町役場
摂津市,34.777387,135.561886,municipality,,摂津市役所
播磨町,34.715302,134.867911,municipality,,播磨町役場
敦賀市,35.645588,136.055437,municipality,,敦賀市役所
文京区,35.707976,139.752473,municipality,,文京区役所
斑鳩町,34.608852,135.730593,municipality,,斑鳩町役場
斜里町,43.911441,144.670713,municipality,,斜里町役場
新ひだか町,42.341276,142.368588,municipality,,新ひだか町役場
新上五島町,32.984553,129.073401,municipality,,新上五島町役場
新冠町,42.362417,142.318315,municipality,,新冠町役場
新十津川町,43.548781,141.877126,municipality,,新十津川町役場
新地町,37.876379,140.919591,municipality,,新地町役場
新城市,34.899012,137.497858,municipality,,新城市役所
新宮市,33.724224,135.992525,municipality,,新宮市役所
新宮町,33.715313,130.446567,municipality,,新宮町役場
新宿区,35.69389,139.703463,municipality,,新宿区役所
新富町,32.068937,131.487984,municipality,,新富町役場
新居浜市,33.960329,133.283379,municipality,,新居浜市役所
新島村,34.377138,139.256556,municipality,,新島村役場
新庄市,38.76496,140.301664,municipality,,新庄市役所
新庄村,35.179691,133.567755,municipality,,新庄村役場
新座市,35.793497,139.56533,municipality,,新座市役所
新得町,43.079546,142.838981,municipality,,新得町役場
新温泉町,35.623509,134.448942,municipality,,新温泉町役場
新潟市,37.916128,139.036402,municipality,,新潟市役所
新潟市中央区,37.922505,139.043229,ward,新潟市,中央区役所（新潟市）
新潟市北区,37.913538,139.221606,ward,新潟市,北区役所（新潟市）
新潟市南区,37.765817,139.019184,ward,新潟市,南区役所（新潟市）
新潟市東区,37.924894,139.092606,ward,新潟市,東区役所（新潟市）
新潟市西区,37.874081,138.971648,ward,新潟市,西区役所（新潟市）
新潟県,37.902451,139.023245,prefecture,,新潟県庁
新発田市,37.947954,139.327151,municipality,,新発田市役所
新篠津村,43.225368,141.649247,municipality,,新篠津村役場
新見市,34.977058,133.470345,municipality,,新見市役所
新郷村,40.465784,141.1734,municipality,,新郷村役場
日の出町,35.742115,139.257405,municipality,,日の出町役場
日之影町,32.659422,131.380921,municipality,,日之影町役場
日光市,36.719861,139.698204,municipality,,日光市役所
日出町,33.369442,131.532536,municipality,,日出町役場
日南市,31.601811,131.378761,municipality,,日南市役所
日南町,35.163311,133.306255,municipality,,日南町役場
日吉津村,35.440179,133.380808,municipality,,日吉津村役場
日向市,32.422947,131.623962,municipality,,日向市役所
日田市,33.321041,130.94131,municipality,,日田市役所
日立市,36.599016,140.651546,municipality,,日立市役所
日置市,31.633709,130.402436,municipality,,日置市役所
日進市,35.132018,137.039414,municipality,,日進市役所
日野市,35.671347,139.394981,municipality,,日野市役所
日高川町,33.911693,135.186,municipality,,日高川町役場
日高市,35.907748,139.33914,municipality,,日高市役所
日高村,33.535083,133.373201,municipality,,日高村役場
早島町,34.600822,133.828304,municipality,,早島町役場
早川町,35.412658,138.363192,municipality,,早川町役場
早良区,33.581944,130.348409,municipality,,早良区役所
旭川市,43.771435,142.365291,municipality,,旭川市役所
旭市,35.716034,140.648178,municipality,,旭市役所
明日香村,34.470509,135.81254,municipality,,明日香村役場
明石市,34.643109,134.997182,municipality,,明石市役所
春日井市,35.247664,136.972232,municipality,,春日井市役所
春日市,33.532629,130.470368,municipality,,春日市役所
春日部市,35.974043,139.754765,municipality,,春日部市役所
昭和区,35.150216,136.934166,municipality,,昭和区役所
昭和町,35.627928,138.535148,municipality,,昭和町役場
昭島市,35.705705,139.353773,municipality,,昭島市役所
時津町,32.828885,129.848527,municipality,,時津町役場
普代村,40.005164,141.886014,municipality,,普代村役場
智頭町,35.265081,134.226587,municipality,,智頭町役場
更別村,42.650415,143.187794,municipality,,更別村役場
曽於市,31.653622,131.019255,municipality,,曽於市役所
曽爾村,34.510664,136.124475,municipality,,曽爾村役場
最上町,38.758467,140.519359,municipality,,最上町役場
月形町,43.338397,141.669604,municipality,,月形町役場
有田川町,34.057488,135.216116,municipality,,有田川町役場
有田市,34.083104,135.127727,municipality,,有田市役所
有田町,33.210574,129.849014,municipality,,有田町役場
朝倉市,33.413622,130.659735,municipality,,朝倉市役所
朝日村,36.129262,137.867112,municipality,,朝日村役場
朝来市,35.339835,134.853117,municipality,,朝来市役所
朝霞市,35.797255,139.593919,municipality,,朝霞市役所
木古内町,41.678332,140.437635,municipality,,木古内町役場
木城町,32.163784,131.473354,municipality,,木城町役場
木島平村,36.857887,138.407044,municipality,,木島平村役場
木更津市,35.381208,139.924905,municipality,,木更津市役所
木曽岬町,35.075958,136.731353,municipality,,木曽岬町役場
木曽町,35.841756,137.691217,municipality,,木曽町役場
木津川市,34.737179,135.820058,municipality,,木津川市役所
木祖村,35.936307,137.783163,municipality,,木祖村役場
本別町,43.124615,143.610962,municipality,,本別町役場
本宮市,37.513162,140.393877,municipality,,本宮市役所
本山町,33.759656,133.586721,municipality,,本山町役場
本巣市,35.455386,136.665932,municipality,,本巣市役所
本庄市,36.243329,139.190629,municipality,,本庄市役所
本部町,26.658035,127.898175,municipality,,本部町役場
札幌市,43.061972,141.354374,municipality,,札幌市役所
札幌市中央区,43.055451,141.341097,ward,札幌市,中央区役所（札幌市）
札幌市北区,43.090693,141.340882,ward,札幌市,北区役所（札幌市）
札幌市南区,42.989995,141.353496,ward,札幌市,南区役所（札幌市）
札幌市東区,43.076242,141.363662,ward,札幌市,東区役所（札幌市）
札幌市西区,43.074347,141.300898,ward,札幌市,西区役所（札幌市）
杉並区,35.699546,139.636414,municipality,,杉並区役所
杉戸町,36.025618,139.736829,municipality,,杉戸町役場
村上市,38.22399,139.48004,municipality,,村上市役所
村山市,38.483352,140.38038,municipality,,村山市役所
村田町,38.118589,140.722404,municipality,,村田町役場
東かがわ市,34.243803,134.358837,municipality,,東かがわ市役所
東みよし町,34.036785,133.93676,municipality,,東みよし町役場
東串良町,31.38579,130.973339,municipality,,東串良町役場
東久留米市,35.757992,139.529673,municipality,,東久留米市役所
東京府中市,35.669404,139.477591,ward,東京,府中市役所（東京）
東京都,35.689444,139.69167,prefecture,,東京都庁
東伊豆町,34.772816,139.041265,municipality,,東伊豆町役場
東住吉区,34.622118,135.526612,municipality,,東住吉区役所
東北町,40.727871,141.257888,municipality,,東北町役場
東吉野村,34.403541,135.968307,municipality,,東吉野村役場
東吾妻町,36.571564,138.820571,municipality,,東吾妻町役場
東員町,35.074125,136.583756,municipality,,東員町役場
東大和市,35.745328,139.426591,municipality,,東大和市役所
東大阪市,34.679324,135.600898,municipality,,東大阪市役所
東山区,34.997082,135.776282,municipality,,東山区役所
東峰村,33.397314,130.869919,municipality,,東峰村役場
東川町,43.698877,142.510128,municipality,,東川町役場
東広島市,34.426787,132.743746,municipality,,東広島市役所
東庄町,35.83715,140.668786,municipality,,東庄町役場
東彼杵町,33.037031,129.917149,municipality,,東彼杵町役場
東御市,36.35955,138.330295,municipality,,東御市役所
東成区,34.669996,135.541223,municipality,,東成区役所
東成瀬村,39.179185,140.648892,municipality,,東成瀬村役場
東村,26.633284,128.15687,municipality,,東村役場
東村山市,35.754624,139.468484,municipality,,東村山市役所
東松山市,36.042162,139.39995,municipality,,東松山市役所
東松島市,38.426134,141.210278,municipality,,東松島市役所
東栄町,35.07693,137.697833,municipality,,東栄町役場
東根市,38.431292,140.391021,municipality,,東根市役所
東洋町,33.527976,134.279968,municipality,,東洋町役場
東浦町,34.977139,136.965569,municipality,,東浦町役場
東海市,35.022976,136.902229,municipality,,東海市役所
東海村,36.472882,140.566301,municipality,,東海村役場
東淀川区,34.741313,135.52934,municipality,,東淀川区役所
東温市,33.791027,132.872299,municipality,,東温市役所
東灘区,34.720159,135.265429,municipality,,東灘区役所
東白川村,35.64256,137.323745,municipality,,東白川村役場
東神楽町,43.696383,142.451539,municipality,,東神楽町役場
東秩父村,36.058148,139.194573,municipality,,東秩父村役場
東近江市,35.112603,136.20762,municipality,,東近江市役所
東通村,41.277726,141.3289,municipality,,東通村役場
東郷町,35.09679,137.052623,municipality,,東郷町役場
東金市,35.559932,140.366115,municipality,,東金市役所
杵築市,33.417029,131.616089,municipality,,杵築市役所
松伏町,35.925751,139.815139,municipality,,松伏町役場
松原市,34.577901,135.551786,municipality,,松原市役所
松山市,33.839157,132.765556,municipality,,松山市役所
松島町,38.380149,141.067291,municipality,,松島町役場
松崎町,34.752763,138.778757,municipality,,松崎町役場
松川村,36.424045,137.854556,municipality,,松川村役場
松川町,35.597231,137.909667,municipality,,松川町役場
松戸市,35.787652,139.903226,municipality,,松戸市役所
松本市,36.238096,137.971992,municipality,,松本市役所
松江市,35.467815,133.048517,municipality,,松江市役所
松浦市,33.341023,129.709047,municipality,,松浦市役所
松田町,35.348199,139.139337,municipality,,松田町役場
松茂町,34.133849,134.580537,municipality,,松茂町役場
松野町,33.227142,132.711304,municipality,,松野町役場
松阪市,34.577974,136.527595,municipality,,松阪市役所
板倉町,36.225962,139.601938,municipality,,板倉町役場
板柳町,40.695954,140.4577,municipality,,板柳町役場
板橋区,35.751245,139.709246,municipality,,板橋区役所
板野町,34.144364,134.462616,municipality,,板野町役場
枕崎市,31.272922,130.296991,municipality,,枕崎市役所
枚方市,34.814465,135.650642,municipality,,枚方市役所
枝幸町,44.9387,142.581405,municipality,,枝幸町役場
柏原市,34.578286,135.629246,municipality,,柏原市役所
柏崎市,37.364952,138.558005,municipality,,柏崎市役所
柏市,35.868295,139.976199,municipality,,柏市役所
柳井市,33.963839,132.101597,municipality,,柳井市役所
柳川市,33.163064,130.405739,municipality,,柳川市役所
柳津町,37.526035,139.719552,municipality,,柳津町役場
柴田町,38.056599,140.765798,municipality,,柴田町役場
栃木市,36.382414,139.734111,municipality,,栃木市役所
栃木県,36.565832,139.88362,prefecture,,栃木県庁
栄区,35.36439,139.554106,municipality,,栄区役所
栄村,36.987481,138.577359,municipality,,栄村役場
栄町,35.840866,140.243945,municipality,,栄町役場
栗原市,38.730062,141.021508,municipality,,栗原市役所
栗山町,43.05629,141.784099,municipality,,栗山町役場
栗東市,35.021614,135.997993,municipality,,栗東市役所
根室市,43.330105,145.583472,municipality,,根室市役所
根羽村,35.255296,137.581784,municipality,,根羽村役場
桂川町,33.578889,130.678118,municipality,,桂川町役場
桐生市,36.405743,139.330823,municipality,,桐生市役所
桑名市,35.062288,136.683539,municipality,,桑名市役所
桑折町,37.854653,140.520797,municipality,,桑折町役場
桜井市,34.51884,135.84274,municipality,,桜井市役所
桜区,35.855876,139.609766,municipality,,桜区役所
桜川市,36.327273,140.090478,municipality,,桜川市役所
桶川市,36.002966,139.558177,municipality,,桶川市役所
梼原町,33.39217,132.927065,municipality,,梼原町役場
棚倉町,37.029867,140.379591,municipality,,棚倉町役場
椎葉村,32.467408,131.158228,municipality,,椎葉村役場
楢葉町,37.282605,140.993465,municipality,,楢葉町役場
榛東村,36.438647,138.967118,municipality,,榛東村役場
様似町,42.127737,142.933797,municipality,,様似町役場
標津町,43.661309,145.131325,municipality,,標津町役場
標茶町,43.303337,144.600665,municipality,,標茶町役場
横手市,39.313777,140.566636,municipality,,横手市役所
横浜市,35.450195,139.634903,municipality,,横浜市役所
横浜市中区,35.444688,139.642203,ward,横浜市,中区役所（横浜市）
横浜市南区,35.434423,139.627509,ward,横浜市,南区役所（横浜市）
横浜市旭区,35.474761,139.5448,ward,横浜市,旭区役所（横浜市）
横浜市泉区,35.417899,139.488693,ward,横浜市,泉区役所（横浜市）
横浜市緑区,35.512407,139.538011,ward,横浜市,緑区役所（横浜市）
横浜市西区,35.453609,139.616877,ward,横浜市,西区役所（横浜市）
横浜市青葉区,35.552831,139.537092,ward,横浜市,青葉区役所（横浜市）
横浜市鶴見区,35.508398,139.682384,ward,横浜市,鶴見区役所（横浜市）
横浜町,41.083155,141.247782,municipality,,横浜町役場
横瀬町,35.987286,139.100049,municipality,,横瀬町役場
横芝光町,35.665609,140.504396,municipality,,横芝光町役場
横須賀市,35.281276,139.672284,municipality,,横須賀市役所
橋本市,34.314876,135.605208,municipality,,橋本市役所
橿原市,34.509453,135.792756,municipality,,橿原市役所
檜原村,35.72684,139.148852,municipality,,檜原村役場
檜枝岐村,37.024141,139.388941,municipality,,檜枝岐村役場
歌志内市,43.521682,142.035353,municipality,,歌志内市役所
此花区,34.683038,135.452225,municipality,,此花区役所
武蔵村山市,35.754906,139.387421,municipality,,武蔵村山市役所
武蔵野市,35.717837,139.565938,municipality,,武蔵野市役所
武豊町,34.85097,136.914937,municipality,,武豊町役場
武雄市,33.194873,130.021557,municipality,,武雄市役所
比布町,43.875021,142.477699,municipality,,比布町役場
毛呂山町,35.941596,139.315954,municipality,,毛呂山町役場
気仙沼市,38.908127,141.570044,municipality,,気仙沼市役所
水上村,32.314379,131.009541,municipality,,水上村役場
水俣市,32.211883,130.408725,municipality,,水俣市役所
水巻町,33.85485,130.694783,municipality,,水巻町役場
水戸市,36.365861,140.471222,municipality,,水戸市役所
氷川町,32.582402,130.673753,municipality,,氷川町役場
氷見市,36.855978,136.972868,municipality,,氷見市役所
永平寺町,36.092248,136.298724,municipality,,永平寺町役場
江別市,43.103666,141.536103,municipality,,江別市役所
江北町,33.220464,130.15731,municipality,,江北町役場
江南区,37.86766,139.094013,municipality,,江南区役所
江南市,35.331953,136.870453,municipality,,江南市役所
江差町,41.869244,140.12756,municipality,,江差町役場
江府町,35.275893,133.479132,municipality,,江府町役場
江戸川区,35.706648,139.868312,municipality,,江戸川区役所
江東区,35.672859,139.817365,municipality,,江東区役所
江津市,35.011621,132.217754,municipality,,江津市役所
江田島市,34.174967,132.46221,municipality,,江田島市役所
池田市,34.821686,135.428555,municipality,,池田市役所
沖縄市,26.334354,127.805694,municipality,,沖縄市役所
沖縄県,26.212445,127.680922,prefecture,,沖縄県庁
河内町,35.884743,140.244516,municipality,,河内町役場
河内長野市,34.458107,135.564119,municipality,,河内長野市役所
河北町,38.426632,140.31459,municipality,,河北町役場
河南町,34.491637,135.62988,municipality,,河南町役場
河合町,34.578369,135.736699,municipality,,河合町役場
河津町,34.757018,138.987622,municipality,,河津町役場
沼津市,35.095723,138.863337,municipality,,沼津市役所
沼田市,36.64396,139.042784,municipality,,沼田市役所
沼田町,43.80674,141.933817,municipality,,沼田町役場
泉佐野市,34.406839,135.327337,municipality,,泉佐野市役所
泉南市,34.366007,135.2733,municipality,,泉南市役所
泉大津市,34.504268,135.410472,municipality,,泉大津市役所
泉崎村,37.153784,140.303363,municipality,,泉崎村役場
泊村,43.063212,140.498857,municipality,,泊村役場
波佐見町,33.138398,129.895424,municipality,,波佐見町役場
泰阜村,35.377434,137.846157,municipality,,泰阜村役場
洋野町,40.408298,141.71865,municipality,,洋野町役場
洞爺湖町,42.551223,140.764128,municipality,,洞爺湖町役場
津久見市,33.072339,131.861219,municipality,,津久見市役所
津別町,43.706261,144.025237,municipality,,津別町役場
津南町,37.014313,138.652547,municipality,,津南町役場
津和野町,34.541961,131.83508,municipality,,津和野町役場
津奈木町,32.233892,130.439621,municipality,,津奈木町役場
津山市,35.069118,134.004543,municipality,,津山市役所
津島市,35.17704,136.741236,municipality,,津島市役所
津市,34.718563,136.505443,municipality,,津市役所
津幡町,36.668798,136.728885,municipality,,津幡町役場
津野町,33.444816,133.204168,municipality,,津野町役場
洲本市,34.342522,134.895653,municipality,,洲本市役所
流山市,35.856287,139.902586,municipality,,流山市役所
浅口市,34.527834,133.584911,municipality,,浅口市役所
浅川町,37.080947,140.412852,municipality,,浅川町役場
浜中町,43.075948,145.131127,municipality,,浜中町役場
浜名区,34.791548,137.783159,municipality,,浜名区役所
浜松市,34.710809,137.726307,municipality,,浜松市役所
浜松市中央区,34.710809,137.726307,ward,浜松市,中央区役所（浜松市）
浜田市,34.899255,132.079883,municipality,,浜田市役所
浜頓別町,45.123716,142.35964,municipality,,浜頓別町役場
浦和区,35.86197,139.645408,municipality,,浦和区役所
浦安市,35.653988,139.902187,municipality,,浦安市役所
浦幌町,42.808947,143.658581,municipality,,浦幌町役場
浦河町,42.168355,142.768213,municipality,,浦河町役場
浦添市,26.245816,127.721804,municipality,,浦添市役所
浦臼町,43.430363,141.818727,municipality,,浦臼町役場
浪江町,37.494594,141.000746,municipality,,浪江町役場
浪速区,34.659419,135.49955,municipality,,浪速区役所
海南市,34.157533,135.239675,municipality,,海南市役所
海士町,36.096695,133.096459,municipality,,海士町役場
海津市,35.22047,136.636612,municipality,,海津市役所
海田町,34.366403,132.536253,municipality,,海田町役場
海老名市,35.446449,139.390803,municipality,,海老名市役所
海陽町,33.602043,134.351866,municipality,,海陽町役場
涌谷町,38.539704,141.128105,municipality,,涌谷町役場
淀川区,34.721006,135.486746,municipality,,淀川区役所
淡路市,34.439847,134.914633,municipality,,淡路市役所
深川市,43.723645,142.053799,municipality,,深川市役所
深浦町,40.647876,139.927431,municipality,,深浦町役場
深谷市,36.197018,139.281714,municipality,,深谷市役所
添田町,33.571816,130.854088,municipality,,添田町役場
清川村,35.48233,139.276374,municipality,,清川村役場
清水区,35.01573,138.489603,municipality,,清水区役所
清瀬市,35.785275,139.52685,municipality,,清瀬市役所
清田区,42.999432,141.443842,municipality,,清田区役所
清里町,43.835224,144.594582,municipality,,清里町役場
清須市,35.199848,136.852934,municipality,,清須市役所
渋川市,36.48948,139.000394,municipality,,渋川市役所
渋谷区,35.663982,139.697948,municipality,,渋谷区役所
渡名喜村,26.37211,127.141122,municipality,,渡名喜村役場
渡嘉敷村,26.197331,127.364289,municipality,,渡嘉敷村役場
港北区,35.519016,139.633197,municipality,,港北区役所
港区,35.658071,139.751599,municipality,,港区役所
港南区,35.400799,139.592511,municipality,,港南区役所
湖南市,35.004106,136.084693,municipality,,湖南市役所
湖西市,34.718474,137.531617,municipality,,湖西市役所
湧別町,44.151465,143.572919,municipality,,湧別町役場
湧水町,31.951654,130.721025,municipality,,湧水町役場
湯前町,32.276144,130.980987,municipality,,湯前町役場
湯川村,37.565272,139.886869,municipality,,湯川村役場
湯梨浜町,35.489915,133.864681,municipality,,湯梨浜町役場
湯沢市,39.164074,140.494683,municipality,,湯沢市役所
湯沢町,36.934007,138.817424,municipality,,湯沢町役場
湯河原町,35.147931,139.108336,municipality,,湯河原町役場
湯浅町,34.029418,135.190427,municipality,,湯浅町役場
滋賀日野町,35.018018,136.246023,ward,滋賀,日野町役場（滋賀）
滋賀県,35.004444,135.868333,prefecture,,滋賀県庁
滑川市,36.764394,137.34118,municipality,,滑川市役所
滑川町,36.06599,139.360919,municipality,,滑川町役場
滝上町,44.19227,143.07765,municipality,,滝上町役場
滝川市,43.557753,141.910371,municipality,,滝川市役所
滝沢市,39.734739,141.077065,municipality,,滝沢市役所
潟上市,39.857288,140.013049,municipality,,潟上市役所
潮来市,35.947134,140.555364,municipality,,潮来市役所
瀬戸内市,34.664893,134.092849,municipality,,瀬戸内市役所
瀬戸内町,28.146484,129.314734,municipality,,瀬戸内町役場
瀬戸市,35.22362,137.084117,municipality,,瀬戸市役所
瀬谷区,35.466397,139.499188,municipality,,瀬谷区役所
灘区,34.712356,135.239571,municipality,,灘区役所
焼津市,34.86717,138.322812,municipality,,焼津市役所
熊取町,34.401308,135.355863,municipality,,熊取町役場
熊本小国町,33.121568,131.068157,ward,熊本,小国町役場（熊本）
熊本市,32.803078,130.707897,municipality,,熊本市役所
熊本市中央区,32.803218,130.708223,ward,熊本市,中央区役所（熊本市）
熊本市北区,32.903561,130.694263,ward,熊本市,北区役所（熊本市）
熊本市南区,32.71536,130.678922,ward,熊本市,南区役所（熊本市）
熊本市東区,32.78053,130.768061,ward,熊本市,東区役所（熊本市）
熊本市西区,32.776371,130.647562,ward,熊本市,西区役所（熊本市）
熊本県,32.789722,130.741667,prefecture,,熊本県庁
熊本美里町,32.639609,130.789007,ward,熊本,美里町役場（熊本）
熊本高森町,32.827271,131.122023,ward,熊本,高森町役場（熊本）
熊谷市,36.147362,139.388664,municipality,,熊谷市役所
熊野市,33.88862,136.100288,municipality,,熊野市役所
熊野町,34.335783,132.584604,municipality,,熊野町役場
熱海市,35.095987,139.071546,municipality,,熱海市役所
熱田区,35.128372,136.910317,municipality,,熱田区役所
燕市,37.673149,138.882249,municipality,,燕市役所
片品村,36.772549,139.225241,municipality,,片品村役場
牛久市,35.979397,140.149532,municipality,,牛久市役所
牟岐町,33.668312,134.420661,municipality,,牟岐町役場
牧之原市,34.740059,138.224641,municipality,,牧之原市役所
犬山市,35.378641,136.944625,municipality,,犬山市役所
狛江市,35.634814,139.578696,municipality,,狛江市役所
狭山市,35.852907,139.412227,municipality,,狭山市役所
猪名川町,34.894966,135.376164,municipality,,猪名川町役場
猪苗代町,37.557799,140.104794,municipality,,猪苗代町役場
猿払村,45.33061,142.108945,municipality,,猿払村役場
玄海町,33.472164,129.874689,municipality,,玄海町役場
玉名市,32.935266,130.562877,municipality,,玉名市役所
玉城町,34.490276,136.630932,municipality,,玉城町役場
玉川村,37.210718,140.408939,municipality,,玉川村役場
玉村町,36.304435,139.114916,municipality,,玉村町役場
玉東町,32.919272,130.6286,municipality,,玉東町役場
玉野市,34.491979,133.946012,municipality,,玉野市役所
王寺町,34.594696,135.706705,municipality,,王寺町役場
王滝村,35.809343,137.551076,municipality,,王滝村役場
玖珠町,33.283135,131.151553,municipality,,玖珠町役場
珠洲市,37.436369,137.260406,municipality,,珠洲市役所
球磨村,32.252621,130.651274,municipality,,球磨村役場
琴平町,34.19142,133.823303,municipality,,琴平町役場
琴浦町,35.495184,133.692779,municipality,,琴浦町役場
瑞浪市,35.36174,137.254639,municipality,,瑞浪市役所
瑞穂区,35.131439,136.934953,municipality,,瑞穂区役所
瑞穂市,35.391826,136.690784,municipality,,瑞穂市役所
瑞穂町,35.771924,139.354116,municipality,,瑞穂町役場
甘楽町,36.243009,138.921752,municipality,,甘楽町役場
生坂村,36.425234,137.927484,municipality,,生坂村役場
生野区,34.653745,135.534447,municipality,,生野区役所
生駒市,34.691979,135.700553,municipality,,生駒市役所
産山村,32.995747,131.216799,municipality,,産山村役場
田上町,37.698857,139.057993,municipality,,田上町役場
田原市,34.668972,137.26383,municipality,,田原市役所
田原本町,34.556667,135.79494,municipality,,田原本町役場
田子町,40.34003,141.15215,municipality,,田子町役場
田尻町,34.393782,135.291176,municipality,,田尻町役場
田川市,33.63876,130.806298,municipality,,田川市役所
田布施町,33.954677,132.041366,municipality,,田布施町役場
田村市,37.440621,140.57631,municipality,,田村市役所
田舎館村,40.631259,140.550198,municipality,,田舎館村役場
田辺市,33.729111,135.388934,municipality,,田辺市役所
田野町,33.427713,134.008209,municipality,,田野町役場
田野畑村,39.930454,141.888864,municipality,,田野畑村役場
由仁町,42.999598,141.790309,municipality,,由仁町役場
由利本荘市,39.385814,140.048819,municipality,,由利本荘市役所
由布市,33.179996,131.426792,municipality,,由布市役所
由良町,33.959251,135.118187,municipality,,由良町役場
甲佐町,32.651356,130.811466,municipality,,甲佐町役場
甲州市,35.704286,138.729424,municipality,,甲州市役所
甲府市,35.662033,138.568339,municipality,,甲府市役所
甲斐市,35.660829,138.515796,municipality,,甲斐市役所
甲良町,35.204224,136.26135,municipality,,甲良町役場
甲賀市,34.96612,136.167084,municipality,,甲賀市役所
男鹿市,39.886721,139.8475,municipality,,男鹿市役所
町田市,35.546559,139.438527,municipality,,町田市役所
留寿都村,42.737263,140.875574,municipality,,留寿都村役場
留萌市,43.940987,141.637009,municipality,,留萌市役所
登別市,42.412735,141.106556,municipality,,登別市役所
登米市,38.691856,141.18772,municipality,,登米市役所
白井市,35.791503,140.056372,municipality,,白井市役所
白子町,35.45434,140.374253,municipality,,白子町役場
白山市,36.514427,136.565833,municipality,,白山市役所
白岡市,36.01907,139.676861,municipality,,白岡市役所
白川村,36.270904,136.898542,municipality,,白川村役場
白川町,35.581297,137.191329,municipality,,白川町役場
白河市,37.126379,140.210923,municipality,,白河市役所
白浜町,33.678188,135.348108,municipality,,白浜町役場
白石区,43.045445,141.396378,municipality,,白石区役所
白石市,38.002467,140.619888,municipality,,白石市役所
白石町,33.181082,130.143493,municipality,,白石町役場
白糠町,42.956161,144.071805,municipality,,白糠町役場
白老町,42.551259,141.355861,municipality,,白老町役場
白馬村,36.69807,137.861969,municipality,,白馬村役場
白鷹町,38.183069,140.098571,municipality,,白鷹町役場
皆野町,36.070845,139.098754,municipality,,皆野町役場
益城町,32.791608,130.816338,municipality,,益城町役場
益子町,36.467353,140.093381,municipality,,益子町役場
益田市,34.674814,131.842862,municipality,,益田市役所
盛岡市,39.701795,141.154183,municipality,,盛岡市役所
目黒区,35.64141,139.698118,municipality,,目黒区役所
直島町,34.45983,133.995638,municipality,,直島町役場
直方市,33.744181,130.729652,municipality,,直方市役所
相模原市,35.571376,139.373268,municipality,,相模原市役所
相模原市中央区,35.571376,139.373268,ward,相模原市,中央区役所（相模原市）
相模原市南区,35.530342,139.430092,ward,相模原市,南区役所（相模原市）
相模原市緑区,35.595639,139.33759,ward,相模原市,緑区役所（相模原市）
相生市,34.803662,134.468193,municipality,,相生市役所
相良村,32.23526,130.797985,municipality,,相良村役場
相馬市,37.797353,140.918937,municipality,,相馬市役所
真室川町,38.856918,140.251564,municipality,,真室川町役場
真岡市,36.440515,140.012467,municipality,,真岡市役所
真庭市,35.075591,133.752756,municipality,,真庭市役所
真狩村,42.762955,140.803669,municipality,,真狩村役場
真鶴町,35.158399,139.137233,municipality,,真鶴町役場
睦沢町,35.361091,140.319275,municipality,,睦沢町役場
矢吹町,37.201221,140.338493,municipality,,矢吹町役場
矢巾町,39.606006,141.143001,municipality,,矢巾町役場
矢掛町,34.627596,133.587085,municipality,,矢掛町役場
矢板市,36.806732,139.924226,municipality,,矢板市役所
矢祭町,36.871334,140.424755,municipality,,矢祭町役場
知内町,41.598377,140.418861,municipality,,知内町役場
知名町,27.338589,128.573867,municipality,,知名町役場
知多市,34.996533,136.864755,municipality,,知多市役所
知夫村,36.013927,133.039372,municipality,,知夫村役場
知立市,35.001285,137.050843,municipality,,知立市役所
石井町,34.074698,134.440764,municipality,,石井町役場
石垣市,24.344419,124.185246,municipality,,石垣市役所
石岡市,36.19084,140.287242,municipality,,石岡市役所
石川町,37.157072,140.446775,municipality,,石川町役場
石川県,36.594606,136.625669,prefecture,,石川県庁
石巻市,38.434457,141.302906,municipality,,石巻市役所
石狩市,43.171365,141.315514,municipality,,石狩市役所
砂川市,43.494329,141.902525,municipality,,砂川市役所
砥部町,33.74926,132.792233,municipality,,砥部町役場
砺波市,36.647467,136.962167,municipality,,砺波市役所
碧南市,34.884782,136.993362,municipality,,碧南市役所
磐梯町,37.562099,139.988766,municipality,,磐梯町役場
磐田市,34.717881,137.851511,municipality,,磐田市役所
磯子区,35.402489,139.618458,municipality,,磯子区役所
礼文町,45.303062,141.047717,municipality,,礼文町役場
神埼市,33.311423,130.371662,municipality,,神埼市役所
神奈川区,35.477051,139.629293,municipality,,神奈川区役所
神奈川県,35.447778,139.642502,prefecture,,神奈川県庁
神山町,33.967225,134.350531,municipality,,神山町役場
神崎町,35.901611,140.405326,municipality,,神崎町役場
神川町,36.213901,139.101578,municipality,,神川町役場
神恵内村,43.143365,140.430801,municipality,,神恵内村役場
神戸市,34.689495,135.195728,municipality,,神戸市役所
神戸市中央区,34.689702,135.194857,ward,神戸市,中央区役所（神戸市）
神戸市北区,34.724205,135.146196,ward,神戸市,北区役所（神戸市）
神戸市西区,34.720914,135.019337,ward,神戸市,西区役所（神戸市）
神戸町,35.417349,136.608517,municipality,,神戸町役場
神栖市,35.889972,140.664527,municipality,,神栖市役所
神河町,35.064235,134.739856,municipality,,神河町役場
神津島村,34.205371,139.134426,municipality,,神津島村役場
神流町,36.116013,138.916991,municipality,,神流町役場
神石高原町,34.703612,133.251651,municipality,,神石高原町役場
福井市,36.06412,136.219452,municipality,,福井市役所
福井池田町,35.890383,136.344079,ward,福井,池田町役場（福井）
福井県,36.065233,136.221775,prefecture,,福井県庁
福井美浜町,35.6006,135.940619,ward,福井,美浜町役場（福井）
福山市,34.485927,133.36234,municipality,,福山市役所
福岡川崎町,33.599956,130.814915,ward,福岡,川崎町役場（福岡）
福岡市,33.590313,130.401735,municipality,,福岡市役所
福岡市中央区,33.589238,130.392819,ward,福岡市,中央区役所（福岡市）
福岡市南区,33.561561,130.426442,ward,福岡市,南区役所（福岡市）
福岡市東区,33.617744,130.417363,ward,福岡市,東区役所（福岡市）
福岡市西区,33.582917,130.323133,ward,福岡市,西区役所（福岡市）
福岡広川町,33.241245,130.551397,ward,福岡,広川町役場（福岡）
福岡県,33.606389,130.418056,prefecture,,福岡県庁
福島伊達市,37.819095,140.562894,ward,福島,伊達市役所（福島）
福島区,34.692357,135.472232,municipality,,福島区役所
福島市,37.76083,140.474747,municipality,,福島市役所
福島昭和村,37.335446,139.610666,ward,福島,昭和村役場（福島）
福島町,41.483783,140.251315,municipality,,福島町役場
福島県,37.750019,140.467737,prefecture,,福島県庁
福島金山町,37.453735,139.524524,ward,福島,金山町役場（福島）
福崎町,34.950319,134.760245,municipality,,福崎町役場
福智町,33.683263,130.78012,municipality,,福智町役場
福津市,33.766897,130.491038,municipality,,福津市役所
福生市,35.738601,139.326744,municipality,,福生市役所
福知山市,35.296725,135.126532,municipality,,福知山市役所
秋田市,39.719929,140.102512,municipality,,秋田市役所
秋田県,39.718626,140.102381,prefecture,,秋田県庁
秋田美郷町,39.461633,140.582127,ward,秋田,美郷町役場（秋田）
秋葉区,37.788362,139.114618,municipality,,秋葉区役所
秦野市,35.3748,139.219946,municipality,,秦野市役所
秩父別町,43.767,141.957896,municipality,,秩父別町役場
秩父市,35.991681,139.085475,municipality,,秩父市役所
稚内市,45.416868,141.673498,municipality,,稚内市役所
稲城市,35.637938,139.504603,municipality,,稲城市役所
稲敷市,35.972927,140.303583,municipality,,稲敷市役所
稲毛区,35.636202,140.107106,municipality,,稲毛区役所
稲沢市,35.248135,136.780216,municipality,,稲沢市役所
稲美町,34.748627,134.913384,municipality,,稲美町役場
積丹町,43.29871,140.598001,municipality,,積丹町役場
穴水町,37.230874,136.912479,municipality,,穴水町役場
立山町,36.663346,137.313658,municipality,,立山町役場
立川市,35.713981,139.407846,municipality,,立川市役所
立科町,36.272089,138.315991,municipality,,立科町役場
竜王町,35.06075,136.124438,municipality,,竜王町役場
竹原市,34.341157,132.905349,municipality,,竹原市役所
竹富町,24.339518,124.154522,municipality,,竹富町役場
竹田市,32.973673,131.397838,municipality,,竹田市役所
笛吹市,35.647296,138.63973,municipality,,笛吹市役所
笠岡市,34.507182,133.507441,municipality,,笠岡市役所
笠松町,35.367222,136.763192,municipality,,笠松町役場
笠置町,34.760497,135.93938,municipality,,笠置町役場
笠間市,36.345128,140.304232,municipality,,笠間市役所
筑前町,33.457033,130.595183,municipality,,筑前町役場
筑北村,36.402654,138.011775,municipality,,筑北村役場
筑後市,33.212246,130.502151,municipality,,筑後市役所
筑紫野市,33.487386,130.526007,municipality,,筑紫野市役所
筑西市,36.305263,139.979417,municipality,,筑西市役所
箕輪町,35.91502,137.981992,municipality,,箕輪町役場
箕面市,34.826929,135.470379,municipality,,箕面市役所
箱根町,35.232301,139.106886,municipality,,箱根町役場
築上町,33.656384,131.055756,municipality,,築上町役場
篠山市,35.075673,135.219002,municipality,,篠山市役所
篠栗町,33.623869,130.526207,municipality,,篠栗町役場
米原市,35.315046,136.291402,municipality,,米原市役所
米子市,35.428136,133.330939,municipality,,米子市役所
米沢市,37.921869,140.11614,municipality,,米沢市役所
粕屋町,33.610854,130.480582,municipality,,粕屋町役場
粟国村,26.581761,127.22886,municipality,,粟国村役場
粟島浦村,38.468213,139.25436,municipality,,粟島浦村役場
精華町,34.760819,135.785686,municipality,,精華町役場
糸島市,33.557218,130.196267,municipality,,糸島市役所
糸満市,26.123542,127.665823,municipality,,糸満市役所
糸田町,33.652736,130.778958,municipality,,糸田町役場
糸魚川市,37.039025,137.862658,municipality,,糸魚川市役所
紀の川市,34.269538,135.362576,municipality,,紀の川市役所
紀北町,34.211469,136.337275,municipality,,紀北町役場
紀宝町,33.73387,136.009715,municipality,,紀宝町役場
紀美野町,34.167192,135.307575,municipality,,紀美野町役場
紋別市,44.356332,143.354279,municipality,,紋別市役所
紫波町,39.554536,141.155796,municipality,,紫波町役場
結城市,36.289625,139.87147,municipality,,結城市役所
網走市,44.020133,144.268403,municipality,,網走市役所
綾川町,34.249613,133.923099,municipality,,綾川町役場
綾瀬市,35.437161,139.426348,municipality,,綾瀬市役所
綾町,31.999135,131.253182,municipality,,綾町役場
綾部市,35.298916,135.258812,municipality,,綾部市役所
総社市,34.672552,133.746728,municipality,,総社市役所
練馬区,35.7356,139.651725,municipality,,練馬区役所
置戸町,43.676328,143.586402,municipality,,置戸町役場
羅臼町,44.021953,145.189532,municipality,,羅臼町役場
美作市,35.026369,134.159754,municipality,,美作市役所
美原区,34.538483,135.559827,municipality,,美原区役所
美咲町,34.996957,133.95458,municipality,,美咲町役場
美唄市,43.332951,141.853986,municipality,,美唄市役所
美幌町,43.824248,144.107523,municipality,,美幌町役場
美波町,33.734573,134.535413,municipality,,美波町役場
美浜区,35.640552,140.06304,municipality,,美浜区役所
美浦村,36.004554,140.301906,municipality,,美浦村役場
美深町,44.480994,142.342963,municipality,,美深町役場
美濃加茂市,35.440242,137.015664,municipality,,美濃加茂市役所
美濃市,35.544713,136.90757,municipality,,美濃市役所
美瑛町,43.588279,142.467055,municipality,,美瑛町役場
美祢市,34.166713,131.206203,municipality,,美祢市役所
美馬市,34.053387,134.169725,municipality,,美馬市役所
群馬南牧村,36.158553,138.711406,ward,群馬,南牧村役場（群馬）
群馬明和町,36.211283,139.534228,ward,群馬,明和町役場（群馬）
群馬昭和村,36.639703,139.066349,ward,群馬,昭和村役場（群馬）
群馬県,36.391194,139.060883,prefecture,,群馬県庁
群馬高山村,36.620809,138.943477,ward,群馬,高山村役場（群馬）
羽咋市,36.893599,136.778999,municipality,,羽咋市役所
羽島市,35.319489,136.702718,municipality,,羽島市役所
羽幌町,44.36061,141.697249,municipality,,羽幌町役場
羽後町,39.199323,140.412881,municipality,,羽後町役場
羽曳野市,34.558002,135.606226,municipality,,羽曳野市役所
羽村市,35.767168,139.311042,municipality,,羽村市役所
羽生市,36.172667,139.548592,municipality,,羽生市役所
習志野市,35.681631,140.027288,municipality,,習志野市役所
聖籠町,37.974526,139.274374,municipality,,聖籠町役場
肝付町,31.344362,130.945223,municipality,,肝付町役場
胎内市,38.059708,139.41035,municipality,,胎内市役所
能代市,40.212131,140.026641,municipality,,能代市役所
能勢町,34.973436,135.413888,municipality,,能勢町役場
能登町,37.310414,137.147782,municipality,,能登町役場
能美市,36.446888,136.554028,municipality,,能美市役所
臼杵市,33.125948,131.804638,municipality,,臼杵市役所
興部町,44.469874,143.123699,municipality,,興部町役場
舞鶴市,35.474797,135.385992,municipality,,舞鶴市役所
舟形町,38.691417,140.319988,municipality,,舟形町役場
舟橋村,36.703525,137.307372,municipality,,舟橋村役場
船橋市,35.694711,139.982621,municipality,,船橋市役所
色麻町,38.548921,140.849876,municipality,,色麻町役場
芝山町,35.693064,140.414255,municipality,,芝山町役場
芦別市,43.51821,142.189552,municipality,,芦別市役所
芦北町,32.299102,130.493119,municipality,,芦北町役場
芦屋市,34.726522,135.304179,municipality,,芦屋市役所
芦屋町,33.893862,130.663874,municipality,,芦屋町役場
花巻市,39.388609,141.116854,municipality,,花巻市役所
花見川区,35.662876,140.069061,municipality,,花見川区役所
芳賀町,36.548212,140.058199,municipality,,芳賀町役場
芸西村,33.526915,133.808942,municipality,,芸西村役場
芽室町,42.911547,143.050835,municipality,,芽室町役場
苅田町,33.776006,130.980475,municipality,,苅田町役場
苓北町,32.513413,130.05472,municipality,,苓北町役場
若松区,33.905435,130.811221,municipality,,若松区役所
若林区,38.24418,140.900748,municipality,,若林区役所
若桜町,35.340149,134.400992,municipality,,若桜町役場
若狭町,35.548882,135.908384,municipality,,若狭町役場
若葉区,35.634016,140.155653,municipality,,若葉区役所
苫前町,44.306086,141.652932,municipality,,苫前町役場
苫小牧市,42.634094,141.605503,municipality,,苫小牧市役所
茂原市,35.42854,140.28805,municipality,,茂原市役所
茂木町,36.532184,140.187535,municipality,,茂木町役場
茅ヶ崎市,35.333879,139.404702,municipality,,茅ヶ崎市役所
茅野市,35.995571,138.158896,municipality,,茅野市役所
茨城町,36.286921,140.424517,municipality,,茨城町役場
茨城県,36.341737,140.446824,prefecture,,茨城県庁
茨木市,34.816153,135.568503,municipality,,茨木市役所
草加市,35.825393,139.805373,municipality,,草加市役所
草津市,35.013123,135.959994,municipality,,草津市役所
草津町,36.620711,138.596127,municipality,,草津町役場
荒尾市,32.986838,130.433036,municipality,,荒尾市役所
荒川区,35.736083,139.783372,municipality,,荒川区役所
菊川市,34.757721,138.084539,municipality,,菊川市役所
菊池市,32.979485,130.813241,municipality,,菊池市役所
菊陽町,32.862515,130.828654,municipality,,菊陽町役場
菰野町,35.020001,136.507346,municipality,,菰野町役場
萩市,34.408107,131.399104,municipality,,萩市役所
葉山町,35.272025,139.586275,municipality,,葉山町役場
葛城市,34.489158,135.726563,municipality,,葛城市役所
葛尾村,37.503547,140.764518,municipality,,葛尾村役場
葛巻町,40.039958,141.437889,municipality,,葛巻町役場
葛飾区,35.74343,139.847213,municipality,,葛飾区役所
葵区,34.975135,138.383259,municipality,,葵区役所
蒲郡市,34.826439,137.219653,municipality,,蒲郡市役所
蓬田村,40.970297,140.65189,municipality,,蓬田村役場
蓮田市,35.994504,139.6622,municipality,,蓮田市役所
蔵王町,38.098128,140.65868,municipality,,蔵王町役場
蕨市,35.825582,139.679585,municipality,,蕨市役所
薩摩川内市,31.813486,130.30395,municipality,,薩摩川内市役所
藍住町,34.126776,134.495112,municipality,,藍住町役場
藤井寺市,34.574283,135.597476,municipality,,藤井寺市役所
藤岡市,36.258509,139.074564,municipality,,藤岡市役所
藤崎町,40.656064,140.502824,municipality,,藤崎町役場
藤枝市,34.867349,138.257548,municipality,,藤枝市役所
藤沢市,35.33894,139.491116,municipality,,藤沢市役所
藤里町,40.278399,140.261879,municipality,,藤里町役場
蘭越町,42.809205,140.528346,municipality,,蘭越町役場
蟹江町,35.132339,136.786679,municipality,,蟹江町役場
行方市,35.990166,140.4891,municipality,,行方市役所
行橋市,33.728762,130.982963,municipality,,行橋市役所
行田市,36.138951,139.455646,municipality,,行田市役所
袋井市,34.75016,137.924624,municipality,,袋井市役所
袖ケ浦市,35.429945,139.954353,municipality,,袖ケ浦市役所
裾野市,35.173891,138.906724,municipality,,裾野市役所
西ノ島町,36.091825,133.013467,municipality,,西ノ島町役場
西之表市,30.732453,130.997035,municipality,,西之表市役所
西予市,33.363017,132.510967,municipality,,西予市役所
西京区,34.985027,135.693108,municipality,,西京区役所
西伊豆町,34.771693,138.775334,municipality,,西伊豆町役場
西会津町,37.587396,139.649301,municipality,,西会津町役場
西原村,32.834719,130.903036,municipality,,西原村役場
西原町,26.222856,127.758819,municipality,,西原町役場
西和賀町,39.317906,140.778754,municipality,,西和賀町役場
西宮市,34.737691,135.34183,municipality,,西宮市役所
西尾市,34.862009,137.061741,municipality,,西尾市役所
西川町,38.426487,140.147661,municipality,,西川町役場
西成区,34.635058,135.494587,municipality,,西成区役所
西条市,33.919615,133.181186,municipality,,西条市役所
西東京市,35.725499,139.538159,municipality,,西東京市役所
西桂町,35.524259,138.847405,municipality,,西桂町役場
西海市,32.933117,129.642962,municipality,,西海市役所
西淀川区,34.711409,135.456202,municipality,,西淀川区役所
西目屋村,40.577486,140.297316,municipality,,西目屋村役場
西米良村,32.226354,131.154452,municipality,,西米良村役場
西粟倉村,35.171765,134.335689,municipality,,西粟倉村役場
西脇市,34.98343,134.97973,municipality,,西脇市役所
西興部村,44.328833,142.944445,municipality,,西興部村役場
西蒲区,37.760333,138.889253,municipality,,西蒲区役所
西郷村,37.141767,140.155299,municipality,,西郷村役場
西都市,32.107862,131.400948,municipality,,西都市役所
見沼区,35.935216,139.654427,municipality,,見沼区役所
見附市,37.531496,138.912724,municipality,,見附市役所
観音寺市,34.12737,133.661597,municipality,,観音寺市役所
角田市,37.977016,140.781543,municipality,,角田市役所
訓子府町,43.725328,143.741665,municipality,,訓子府町役場
設楽町,35.097096,137.571418,municipality,,設楽町役場
読谷村,26.396154,127.744424,municipality,,読谷村役場
調布市,35.650628,139.540683,municipality,,調布市役所
諏訪市,36.039175,138.113984,municipality,,諏訪市役所
諫早市,32.844208,130.053601,municipality,,諫早市役所
諸塚村,32.512184,131.330319,municipality,,諸塚村役場
豊丘村,35.551497,137.895791,municipality,,豊丘村役場
豊中市,34.781239,135.469889,municipality,,豊中市役所
豊前市,33.611538,131.129941,municipality,,豊前市役所
豊富町,45.102847,141.777508,municipality,,豊富町役場
豊山町,35.250462,136.911977,municipality,,豊山町役場
豊岡市,35.544475,134.820187,municipality,,豊岡市役所
豊島区,35.726121,139.716678,municipality,,豊島区役所
豊川市,34.826784,137.375578,municipality,,豊川市役所
豊平区,43.03137,141.379974,municipality,,豊平区役所
豊後大野市,32.978152,131.585011,municipality,,豊後大野市役所
豊後高田市,33.556202,131.446931,municipality,,豊後高田市役所
豊明市,35.053756,137.013124,municipality,,豊明市役所
豊根村,35.146394,137.719871,municipality,,豊根村役場
豊橋市,34.769199,137.391469,municipality,,豊橋市役所
豊浦町,42.583464,140.711815,municipality,,豊浦町役場
豊田市,35.082345,137.156224,municipality,,豊田市役所
豊能町,34.91885,135.494096,municipality,,豊能町役場
豊見城市,26.177136,127.681225,municipality,,豊見城市役所
豊郷町,35.200309,136.23034,municipality,,豊郷町役場
豊頃町,42.801023,143.5059,municipality,,豊頃町役場
貝塚市,34.437408,135.358119,municipality,,貝塚市役所
赤井川村,43.083479,140.81364,municipality,,赤井川村役場
赤平市,43.558039,142.044223,municipality,,赤平市役所
赤村,33.616692,130.870855,municipality,,赤村役場
赤磐市,34.755396,134.018848,municipality,,赤磐市役所
赤穂市,34.754974,134.390354,municipality,,赤穂市役所
越前市,35.90392,136.168989,municipality,,越前市役所
越前町,35.974199,136.129191,municipality,,越前町役場
越生町,35.964478,139.294202,municipality,,越生町役場
越知町,33.532848,133.252221,municipality,,越知町役場
越谷市,35.890643,139.791037,municipality,,越谷市役所
足利市,36.340146,139.449696,municipality,,足利市役所
足寄町,43.244786,143.55393,municipality,,足寄町役場
足立区,35.774945,139.804584,municipality,,足立区役所
身延町,35.467569,138.442488,municipality,,身延町役場
軽井沢町,36.34831,138.596966,municipality,,軽井沢町役場
軽米町,40.326678,141.460349,municipality,,軽米町役場
輪之内町,35.285113,136.637444,municipality,,輪之内町役場
輪島市,37.390554,136.899172,municipality,,輪島市役所
辰野町,35.982413,137.987428,municipality,,辰野町役場
近江八幡市,35.128157,136.097681,municipality,,近江八幡市役所
逗子市,35.295592,139.580414,municipality,,逗子市役所
遊佐町,39.014836,139.908662,municipality,,遊佐町役場
道志村,35.528025,139.033429,municipality,,道志村役場
遠別町,44.722462,141.792322,municipality,,遠別町役場
遠賀町,33.848166,130.668341,municipality,,遠賀町役場
遠軽町,44.061947,143.527726,municipality,,遠軽町役場
遠野市,39.331014,141.532352,municipality,,遠野市役所
邑南町,34.893934,132.437976,municipality,,邑南町役場
邑楽町,36.252392,139.4623,municipality,,邑楽町役場
那智勝浦町,33.625988,135.941042,municipality,,那智勝浦町役場
那珂川市,33.499597,130.4222,municipality,,那珂川市役所
那珂川町,36.736223,140.17282,municipality,,那珂川町役場
那珂市,36.457424,140.486726,municipality,,那珂市役所
那覇市,26.212295,127.679218,municipality,,那覇市役所
那賀町,33.857497,134.496736,municipality,,那賀町役場
那須塩原市,36.96169,140.046044,municipality,,那須塩原市役所
那須烏山市,36.656891,140.151376,municipality,,那須烏山市役所
那須町,37.01977,140.121008,municipality,,那須町役場
郡上市,35.748569,136.964368,municipality,,郡上市役所
郡山市,37.400455,140.35965,municipality,,郡山市役所
都城市,31.719519,131.061497,municipality,,都城市役所
都島区,34.701279,135.52809,municipality,,都島区役所
都留市,35.551565,138.90547,municipality,,都留市役所
都筑区,35.544937,139.57103,municipality,,都筑区役所
都農町,32.256434,131.55969,municipality,,都農町役場
酒々井町,35.724751,140.269483,municipality,,酒々井町役場
酒田市,38.914386,139.836513,municipality,,酒田市役所
里庄町,34.51374,133.556886,municipality,,里庄町役場
野々市市,36.519466,136.609685,municipality,,野々市市役所
野木町,36.233263,139.740818,municipality,,野木町役場
野沢温泉村,36.922728,138.440456,municipality,,野沢温泉村役場
野洲市,35.06747,136.025873,municipality,,野洲市役所
野田市,35.955106,139.874828,municipality,,野田市役所
野田村,40.110272,141.817674,municipality,,野田村役場
野辺地町,40.864392,141.127936,municipality,,野辺地町役場
野迫川村,34.166293,135.63303,municipality,,野迫川村役場
金ケ崎町,39.195687,141.116408,municipality,,金ケ崎町役場
金武町,26.456137,127.926011,municipality,,金武町役場
金沢区,35.337199,139.624497,municipality,,金沢区役所
金沢市,36.561051,136.656633,municipality,,金沢市役所
釜石市,39.27581,141.885716,municipality,,釜石市役所
釧路市,42.984856,144.38167,municipality,,釧路市役所
釧路町,42.996124,144.466081,municipality,,釧路町役場
鈴鹿市,34.881866,136.584185,municipality,,鈴鹿市役所
鉾田市,36.158687,140.516437,municipality,,鉾田市役所
銚子市,35.734667,140.826791,municipality,,銚子市役所
鋸南町,35.111131,139.835645,municipality,,鋸南町役場
錦江町,31.243572,130.787485,municipality,,錦江町役場
錦町,32.200987,130.840902,municipality,,錦町役場
鎌ケ谷市,35.776765,140.000736,municipality,,鎌ケ谷市役所
鎌倉市,35.319228,139.54669,municipality,,鎌倉市役所
鏡石町,37.252858,140.343405,municipality,,鏡石町役場
鏡野町,35.091772,133.93303,municipality,,鏡野町役場
長万部町,42.513488,140.380344,municipality,,長万部町役場
長与町,32.82517,129.875071,municipality,,長与町役場
長久手市,35.18412,137.048631,municipality,,長久手市役所
長井市,38.106088,140.033947,municipality,,長井市役所
長南町,35.386066,140.236779,municipality,,長南町役場
長和町,36.269903,138.258071,municipality,,長和町役場
長岡京市,34.926462,135.695256,municipality,,長岡京市役所
長岡市,37.446587,138.851224,municipality,,長岡市役所
長島町,32.19932,130.176919,municipality,,長島町役場
長崎市,32.749527,129.879811,municipality,,長崎市役所
長崎県,32.75004,129.867251,prefecture,,長崎県庁
長柄町,35.431152,140.227073,municipality,,長柄町役場
長沼町,43.01034,141.695367,municipality,,長沼町役場
長泉町,35.137712,138.897258,municipality,,長泉町役場
長洲町,32.929756,130.4527,municipality,,長洲町役場
長浜市,35.380758,136.278384,municipality,,長浜市役所
長瀞町,36.114787,139.10972,municipality,,長瀞町役場
長生村,35.412179,140.354058,municipality,,長生村役場
長田区,34.665686,135.150854,municipality,,長田区役所
長野南牧村,36.020907,138.492185,ward,長野,南牧村役場（長野）
長野原町,36.544321,138.649837,municipality,,長野原町役場
長野川上村,35.975136,138.578477,ward,長野,川上村役場（長野）
長野市,36.648631,138.194287,municipality,,長野市役所
長野池田町,36.421368,137.874499,ward,長野,池田町役場（長野）
長野県,36.651306,138.180904,prefecture,,長野県庁
長野高山村,36.67977,138.363261,ward,長野,高山村役場（長野）
長野高森町,35.551542,137.878519,ward,長野,高森町役場（長野）
長門市,34.370959,131.182198,municipality,,長門市役所
門司区,33.941238,130.959546,municipality,,門司区役所
門川町,32.470914,131.646471,municipality,,門川町役場
門真市,34.739145,135.586899,municipality,,門真市役所
開成町,35.336058,139.12341,municipality,,開成町役場
関ケ原町,35.365523,136.466976,municipality,,関ケ原町役場
関川村,38.089412,139.564957,municipality,,関川村役場
関市,35.495777,136.917895,municipality,,関市役所
阪南市,34.359594,135.239656,municipality,,阪南市役所
防府市,34.051429,131.562782,municipality,,防府市役所
阿久根市,32.014364,130.192622,municipality,,阿久根市役所
阿久比町,34.932569,136.915512,municipality,,阿久比町役場
阿倍野区,34.638969,135.518499,municipality,,阿倍野区役所
阿南市,33.921762,134.659566,municipality,,阿南市役所
阿南町,35.32362,137.81609,municipality,,阿南町役場
阿智村,35.443791,137.747444,municipality,,阿智村役場
阿武町,34.503352,131.47136,municipality,,阿武町役場
阿波市,34.102138,134.297456,municipality,,阿波市役所
阿蘇市,32.952222,131.121389,municipality,,阿蘇市役所
阿見町,36.03087,140.214769,municipality,,阿見町役場
阿賀町,37.675487,139.458781,municipality,,阿賀町役場
阿賀野市,37.834509,139.226002,municipality,,阿賀野市役所
陸別町,43.468914,143.747305,municipality,,陸別町役場
陸前高田市,39.020413,141.633321,municipality,,陸前高田市役所
階上町,40.452454,141.621001,municipality,,階上町役場
隠岐の島町,36.213394,133.311818,municipality,,隠岐の島町役場
雄武町,44.582482,142.961863,municipality,,雄武町役場
雨竜町,43.643943,141.889036,municipality,,雨竜町役場
雫石町,39.696319,140.975779,municipality,,雫石町役場
雲仙市,32.835214,130.187508,municipality,,雲仙市役所
雲南市,35.307718,132.900345,municipality,,雲南市役所
霧島市,31.741015,130.763136,municipality,,霧島市役所
青ヶ島村,32.466537,139.763337,municipality,,青ヶ島村役場
青木村,36.369998,138.128698,municipality,,青木村役場
青梅市,35.788171,139.274994,municipality,,青梅市役所
青森南部町,40.420343,141.330307,ward,青森,南部町役場（青森）
青森市,40.82264,140.746957,municipality,,青森市役所
青森県,40.82444,140.740005,prefecture,,青森県庁
静岡市,34.975473,138.382388,municipality,,静岡市役所
静岡森町,34.835601,137.927088,ward,静岡,森町役場（静岡）
静岡清水町,35.099015,138.90272,ward,静岡,清水町役場（静岡）
静岡県,34.976944,138.383056,prefecture,,静岡県庁
鞍手町,33.792895,130.692426,municipality,,鞍手町役場
韮崎市,35.708804,138.446192,municipality,,韮崎市役所
音威子府村,44.725096,142.262458,municipality,,音威子府村役場
音更町,42.994115,143.197869,municipality,,音更町役場
須坂市,36.651117,138.307275,municipality,,須坂市役所
須崎市,33.400745,133.282959,municipality,,須崎市役所
須恵町,33.587268,130.507234,municipality,,須恵町役場
須磨区,34.658634,135.133702,municipality,,須磨区役所
須賀川市,37.286504,140.372655,municipality,,須賀川市役所
風間浦村,41.487487,140.995534,municipality,,風間浦村役場
飛島村,35.078804,136.791157,municipality,,飛島村役場
飛騨市,36.238144,137.186246,municipality,,飛騨市役所
飯南町,35.00004,132.713872,municipality,,飯南町役場
飯塚市,33.646083,130.691422,municipality,,飯塚市役所
飯山市,36.851745,138.365498,municipality,,飯山市役所
飯島町,35.676622,137.919523,municipality,,飯島町役場
飯田市,35.514703,137.821824,municipality,,飯田市役所
飯綱町,36.754464,138.235431,municipality,,飯綱町役場
飯能市,35.85576,139.327791,municipality,,飯能市役所
飯舘村,37.678947,140.735091,municipality,,飯舘村役場
飯豊町,38.045714,139.987617,municipality,,飯豊町役場
養父市,35.40464,134.767668,municipality,,養父市役所
養老町,35.308411,136.561359,municipality,,養老町役場
館山市,34.996608,139.870085,municipality,,館山市役所
館林市,36.244841,139.542057,municipality,,館林市役所
香南市,33.564362,133.700788,municipality,,香南市役所
香取市,35.89773,140.499248,municipality,,香取市役所
香川県,34.340088,134.043224,prefecture,,香川県庁
香春町,33.668006,130.847401,municipality,,香春町役場
香美市,33.60386,133.686245,municipality,,香美市役所
香美町,35.632169,134.629175,municipality,,香美町役場
香芝市,34.541295,135.699162,municipality,,香芝市役所
馬路村,33.555347,134.048114,municipality,,馬路村役場
駒ヶ根市,35.728861,137.933993,municipality,,駒ヶ根市役所
駿河区,34.960745,138.404047,municipality,,駿河区役所
高千穂町,32.711651,131.307871,municipality,,高千穂町役場
高原町,31.928413,131.00787,municipality,,高原町役場
高取町,34.449468,135.793168,municipality,,高取町役場
高山市,36.146093,137.252206,municipality,,高山市役所
高岡市,36.754099,137.025717,municipality,,高岡市役所
高島市,35.353052,136.035785,municipality,,高島市役所
高崎市,36.32195,139.003355,municipality,,高崎市役所
高松市,34.342791,134.046574,municipality,,高松市役所
高根沢町,36.630976,139.986672,municipality,,高根沢町役場
高梁市,34.791361,133.616678,municipality,,高梁市役所
高槻市,34.8461,135.617216,municipality,,高槻市役所
高津区,35.599443,139.608032,municipality,,高津区役所
高浜市,34.92763,136.98766,municipality,,高浜市役所
高浜町,35.487904,135.545969,municipality,,高浜町役場
高畠町,38.002183,140.18895,municipality,,高畠町役場
高知市,33.558722,133.531094,municipality,,高知市役所
高知県,33.559722,133.531111,prefecture,,高知県庁
高石市,34.520673,135.442395,municipality,,高石市役所
高砂市,34.766321,134.790509,municipality,,高砂市役所
高萩市,36.713674,140.709506,municipality,,高萩市役所
高野町,34.216077,135.586536,municipality,,高野町役場
高鍋町,32.12799,131.503341,municipality,,高鍋町役場
鬼北町,33.255792,132.684032,municipality,,鬼北町役場
魚沼市,37.236431,138.963775,municipality,,魚沼市役所
魚津市,36.827367,137.40919,municipality,,魚津市役所
鮫川村,37.042229,140.509699,municipality,,鮫川村役場
鮭川村,38.796455,140.222007,municipality,,鮭川村役場
鯖江市,35.956565,136.184238,municipality,,鯖江市役所
鰺ヶ沢町,40.783011,140.233912,municipality,,鰺ヶ沢町役場
鳥取南部町,35.34033,133.326829,ward,鳥取,南部町役場（鳥取）
鳥取市,35.494452,134.222154,municipality,,鳥取市役所
鳥取日野町,35.240793,133.442659,ward,鳥取,日野町役場（鳥取）
鳥取県,35.503449,134.238261,prefecture,,鳥取県庁
鳥栖市,33.378061,130.505025,municipality,,鳥栖市役所
鳥羽市,34.481432,136.843378,municipality,,鳥羽市役所
鳩山町,35.981468,139.334106,municipality,,鳩山町役場
鳴沢村,35.481318,138.706609,municipality,,鳴沢村役場
鳴門市,34.172919,134.608926,municipality,,鳴門市役所
鴨川市,35.114017,140.098805,municipality,,鴨川市役所
鴻巣市,36.065758,139.522172,municipality,,鴻巣市役所
鶴ヶ島市,35.934523,139.393126,municipality,,鶴ヶ島市役所
鶴居村,43.23016,144.321165,municipality,,鶴居村役場
鶴岡市,38.727183,139.826725,municipality,,鶴岡市役所
鶴田町,40.758819,140.428702,municipality,,鶴田町役場
鷹栖町,43.843321,142.354382,municipality,,鷹栖町役場
鹿児島市,31.596789,130.557339,municipality,,鹿児島市役所
鹿児島県,31.560278,130.558056,prefecture,,鹿児島県庁
鹿屋市,31.378268,130.852223,municipality,,鹿屋市役所
鹿島市,33.103804,130.098603,municipality,,鹿島市役所
鹿嶋市,35.965721,140.644852,municipality,,鹿嶋市役所
鹿沼市,36.566681,139.745045,municipality,,鹿沼市役所
鹿角市,40.215789,140.788519,municipality,,鹿角市役所
鹿追町,43.098876,142.989028,municipality,,鹿追町役場
鹿部町,42.026639,140.831672,municipality,,鹿部町役場
麻生区,35.603769,139.505686,municipality,,麻生区役所
麻績村,36.456086,138.045267,municipality,,麻績村役場
黒松内町,42.667788,140.307739,municipality,,黒松内町役場
黒滝村,34.309276,135.85225,municipality,,黒滝村役場
黒潮町,33.024965,133.004158,municipality,,黒潮町役場
黒石市,40.642608,140.594547,municipality,,黒石市役所
黒部市,36.87151,137.448028,municipality,,黒部市役所
龍ケ崎市,35.911594,140.182265,municipality,,龍ケ崎市役所
龍郷町,28.4133,129.589355,municipality,,龍郷町役場
