citycode,prefcode,city_name,city_kana
1101,1,札幌市中央区,
1102,1,札幌市北区,
1103,1,札幌市東区,
1104,1,札幌市白石区,
1105,1,札幌市豊平区,
1106,1,札幌市南区,
1107,1,札幌市西区,
1108,1,札幌市厚別区,
1109,1,札幌市手稲区,
1110,1,札幌市清田区,
1202,1,函館市,
1203,1,小樽市,
1204,1,旭川市,
1205,1,室蘭市,
1206,1,釧路市,
1207,1,帯広市,
1208,1,北見市,
1209,1,夕張市,
1210,1,岩見沢市,
1211,1,網走市,
1212,1,留萌市,
1213,1,苫小牧市,
1214,1,稚内市,
1215,1,美唄市,
1216,1,芦別市,
1217,1,江別市,
1218,1,赤平市,
1219,1,紋別市,
1220,1,士別市,
1221,1,名寄市,
1222,1,三笠市,
1223,1,根室市,
1224,1,千歳市,
1225,1,滝川市,
1226,1,砂川市,
1227,1,歌志内市,
1228,1,深川市,
1229,1,富良野市,
1230,1,登別市,
1231,1,恵庭市,
1233,1,伊達市,
1234,1,北広島市,
1235,1,石狩市,
1236,1,北斗市,
1303,1,石狩郡当別町,
1304,1,石狩郡新篠津村,
1331,1,松前郡松前町,
1332,1,松前郡福島町,
1333,1,上磯郡知内町,
1334,1,上磯郡木古内町,
1337,1,亀田郡七飯町,
1343,1,茅部郡鹿部町,
1345,1,茅部郡森町,
1346,1,二海郡八雲町,
1347,1,山越郡長万部町,
1361,1,檜山郡江差町,
1362,1,檜山郡上ノ国町,
1363,1,檜山郡厚沢部町,
1364,1,爾志郡乙部町,
1367,1,奥尻郡奥尻町,
1370,1,瀬棚郡今金町,
1371,1,久遠郡せたな町,
1391,1,島牧郡島牧村,
1392,1,寿都郡寿都町,
1393,1,寿都郡黒松内町,
1394,1,磯谷郡蘭越町,
1395,1,虻田郡ニセコ町,
1396,1,虻田郡真狩村,
1397,1,虻田郡留寿都村,
1398,1,虻田郡喜茂別町,
1399,1,虻田郡京極町,
1400,1,虻田郡倶知安町,
1401,1,岩内郡共和町,
1402,1,岩内郡岩内町,
1403,1,古宇郡泊村,
1404,1,古宇郡神恵内村,
1405,1,積丹郡積丹町,
1406,1,古平郡古平町,
1407,1,余市郡仁木町,
1408,1,余市郡余市町,
1409,1,余市郡赤井川村,
1423,1,空知郡南幌町,
1424,1,空知郡奈井江町,
1425,1,空知郡上砂川町,
1427,1,夕張郡由仁町,
1428,1,夕張郡長沼町,
1429,1,夕張郡栗山町,
1430,1,樺戸郡月形町,
1431,1,樺戸郡浦臼町,
1432,1,樺戸郡新十津川町,
1433,1,雨竜郡妹背牛町,
1434,1,雨竜郡秩父別町,
1436,1,雨竜郡雨竜町,
1437,1,雨竜郡北竜町,
1438,1,雨竜郡沼田町,
1452,1,上川郡鷹栖町,
1453,1,上川郡東神楽町,
1454,1,上川郡当麻町,
1455,1,上川郡比布町,
1456,1,上川郡愛別町,
1457,1,上川郡上川町,
1458,1,上川郡東川町,
1459,1,上川郡美瑛町,
1460,1,空知郡上富良野町,
1461,1,空知郡中富良野町,
1462,1,空知郡南富良野町,
1463,1,勇払郡占冠村,
1464,1,上川郡和寒町,
1465,1,上川郡剣淵町,
1468,1,上川郡下川町,
1469,1,中川郡美深町,
1470,1,中川郡音威子府村,
1471,1,中川郡中川町,
1472,1,雨竜郡幌加内町,
1481,1,増毛郡増毛町,
1482,1,留萌郡小平町,
1483,1,苫前郡苫前町,
1484,1,苫前郡羽幌町,
1485,1,苫前郡初山別村,
1486,1,天塩郡遠別町,
1487,1,天塩郡天塩町,
1511,1,宗谷郡猿払村,
1512,1,枝幸郡浜頓別町,
1513,1,枝幸郡中頓別町,
1514,1,枝幸郡枝幸町,
1516,1,天塩郡豊富町,
1517,1,礼文郡礼文町,
1518,1,利尻郡利尻町,
1519,1,利尻郡利尻富士町,
1520,1,天塩郡幌延町,
1543,1,網走郡美幌町,
1544,1,網走郡津別町,
1545,1,斜里郡斜里町,
1546,1,斜里郡清里町,
1547,1,斜里郡小清水町,
1549,1,常呂郡訓子府町,
1550,1,常呂郡置戸町,
1552,1,常呂郡佐呂間町,
1555,1,紋別郡遠軽町,
1559,1,紋別郡湧別町,
1560,1,紋別郡滝上町,
1561,1,紋別郡興部町,
1562,1,紋別郡西興部村,
1563,1,紋別郡雄武町,
1564,1,網走郡大空町,
1571,1,虻田郡豊浦町,
1575,1,有珠郡壮瞥町,
1578,1,白老郡白老町,
1581,1,勇払郡厚真町,
1584,1,虻田郡洞爺湖町,
1585,1,勇払郡安平町,
1586,1,勇払郡むかわ町,
1601,1,沙流郡日高町,
1602,1,沙流郡平取町,
1604,1,新冠郡新冠町,
1607,1,浦河郡浦河町,
1608,1,様似郡様似町,
1609,1,幌泉郡えりも町,
1610,1,日高郡新ひだか町,
1631,1,河東郡音更町,
1632,1,河東郡士幌町,
1633,1,河東郡上士幌町,
1634,1,河東郡鹿追町,
1635,1,上川郡新得町,
1636,1,上川郡清水町,
1637,1,河西郡芽室町,
1638,1,河西郡中札内村,
1639,1,河西郡更別村,
1641,1,広尾郡大樹町,
1642,1,広尾郡広尾町,
1643,1,中川郡幕別町,
1644,1,中川郡池田町,
1645,1,中川郡豊頃町,
1646,1,中川郡本別町,
1647,1,足寄郡足寄町,
1648,1,足寄郡陸別町,
1649,1,十勝郡浦幌町,
1661,1,釧路郡釧路町,
1662,1,厚岸郡厚岸町,
1663,1,厚岸郡浜中町,
1664,1,川上郡標茶町,
1665,1,川上郡弟子屈町,
1667,1,阿寒郡鶴居村,
1668,1,白糠郡白糠町,
1691,1,野付郡別海町,
1692,1,標津郡中標津町,
1693,1,標津郡標津町,
1694,1,目梨郡羅臼町,
2201,2,青森市,
2202,2,弘前市,
2203,2,八戸市,
2204,2,黒石市,
2205,2,五所川原市,
2206,2,十和田市,
2207,2,三沢市,
2208,2,むつ市,
2209,2,つがる市,
2210,2,平川市,
2301,2,東津軽郡平内町,
2303,2,東津軽郡今別町,
2304,2,東津軽郡蓬田村,
2307,2,東津軽郡外ヶ浜町,
2321,2,西津軽郡鰺ヶ沢町,
2323,2,西津軽郡深浦町,
2343,2,中津軽郡西目屋村,
2361,2,南津軽郡藤崎町,
2362,2,南津軽郡大鰐町,
2367,2,南津軽郡田舎館村,
2381,2,北津軽郡板柳町,
2384,2,北津軽郡鶴田町,
2387,2,北津軽郡中泊町,
2401,2,上北郡野辺地町,
2402,2,上北郡七戸町,
2405,2,上北郡六戸町,
2406,2,上北郡横浜町,
2408,2,上北郡東北町,
2411,2,上北郡六ヶ所村,
2412,2,上北郡おいらせ町,
2423,2,下北郡大間町,
2424,2,下北郡東通村,
2425,2,下北郡風間浦村,
2426,2,下北郡佐井村,
2441,2,三戸郡三戸町,
2442,2,三戸郡五戸町,
2443,2,三戸郡田子町,
2445,2,三戸郡南部町,
2446,2,三戸郡階上町,
2450,2,三戸郡新郷村,
3201,3,盛岡市,
3202,3,宮古市,
3203,3,大船渡市,
3205,3,花巻市,
3206,3,北上市,
3207,3,久慈市,
3208,3,遠野市,
3209,3,一関市,
3210,3,陸前高田市,
3211,3,釜石市,
3213,3,二戸市,
3214,3,八幡平市,
3215,3,奥州市,
3216,3,滝沢市,
3301,3,岩手郡雫石町,
3302,3,岩手郡葛巻町,
3303,3,岩手郡岩手町,
3321,3,紫波郡紫波町,
3322,3,紫波郡矢巾町,
3366,3,和賀郡西和賀町,
3381,3,胆沢郡金ケ崎町,
3402,3,西磐井郡平泉町,
3441,3,気仙郡住田町,
3461,3,上閉伊郡大槌町,
3482,3,下閉伊郡山田町,
3483,3,下閉伊郡岩泉町,
3484,3,下閉伊郡田野畑村,
3485,3,下閉伊郡普代村,
3501,3,九戸郡軽米町,
3503,3,九戸郡野田村,
3506,3,九戸郡九戸村,
3507,3,九戸郡洋野町,
3524,3,二戸郡一戸町,
4101,4,仙台市青葉区,
4102,4,仙台市宮城野区,
4103,4,仙台市若林区,
4104,4,仙台市太白区,
4105,4,仙台市泉区,
4202,4,石巻市,
4203,4,塩竈市,
4205,4,気仙沼市,
4206,4,白石市,
4207,4,名取市,
4208,4,角田市,
4209,4,多賀城市,
4211,4,岩沼市,
4212,4,登米市,
4213,4,栗原市,
4214,4,東松島市,
4215,4,大崎市,
4216,4,富谷市,
4301,4,刈田郡蔵王町,
4302,4,刈田郡七ヶ宿町,
4321,4,柴田郡大河原町,
4322,4,柴田郡村田町,
4323,4,柴田郡柴田町,
4324,4,柴田郡川崎町,
4341,4,伊具郡丸森町,
4361,4,亘理郡亘理町,
4362,4,亘理郡山元町,
4401,4,宮城郡松島町,
4404,4,宮城郡七ヶ浜町,
4406,4,宮城郡利府町,
4421,4,黒川郡大和町,
4422,4,黒川郡大郷町,
4424,4,黒川郡大衡村,
4444,4,加美郡色麻町,
4445,4,加美郡加美町,
4501,4,遠田郡涌谷町,
4505,4,遠田郡美里町,
4581,4,牡鹿郡女川町,
4606,4,本吉郡南三陸町,
5201,5,秋田市,
5202,5,能代市,
5203,5,横手市,
5204,5,大館市,
5206,5,男鹿市,
5207,5,湯沢市,
5209,5,鹿角市,
5210,5,由利本荘市,
5211,5,潟上市,
5212,5,大仙市,
5213,5,北秋田市,
5214,5,にかほ市,
5215,5,仙北市,
5303,5,鹿角郡小坂町,
5327,5,北秋田郡上小阿仁村,
5346,5,山本郡藤里町,
5348,5,山本郡三種町,
5349,5,山本郡八峰町,
5361,5,南秋田郡五城目町,
5363,5,南秋田郡八郎潟町,
5366,5,南秋田郡井川町,
5368,5,南秋田郡大潟村,
5434,5,仙北郡美郷町,
5463,5,雄勝郡羽後町,
5464,5,雄勝郡東成瀬村,
6201,6,山形市,
6202,6,米沢市,
6203,6,鶴岡市,
6204,6,酒田市,
6205,6,新庄市,
6206,6,寒河江市,
6207,6,上山市,
6208,6,村山市,
6209,6,長井市,
6210,6,天童市,
6211,6,東根市,
6212,6,尾花沢市,
6213,6,南陽市,
6301,6,東村山郡山辺町,
6302,6,東村山郡中山町,
6321,6,西村山郡河北町,
6322,6,西村山郡西川町,
6323,6,西村山郡朝日町,
6324,6,西村山郡大江町,
6341,6,北村山郡大石田町,
6361,6,最上郡金山町,
6362,6,最上郡最上町,
6363,6,最上郡舟形町,
6364,6,最上郡真室川町,
6365,6,最上郡大蔵村,
6366,6,最上郡鮭川村,
6367,6,最上郡戸沢村,
6381,6,東置賜郡高畠町,
6382,6,東置賜郡川西町,
6401,6,西置賜郡小国町,
6402,6,西置賜郡白鷹町,
6403,6,西置賜郡飯豊町,
6426,6,東田川郡三川町,
6428,6,東田川郡庄内町,
6461,6,飽海郡遊佐町,
7201,7,福島市,
7202,7,会津若松市,
7203,7,郡山市,
7204,7,いわき市,
7205,7,白河市,
7207,7,須賀川市,
7208,7,喜多方市,
7209,7,相馬市,
7210,7,二本松市,
7211,7,田村市,
7212,7,南相馬市,
7213,7,伊達市,
7214,7,本宮市,
7301,7,伊達郡桑折町,
7303,7,伊達郡国見町,
7308,7,伊達郡川俣町,
7322,7,安達郡大玉村,
7342,7,岩瀬郡鏡石町,
7344,7,岩瀬郡天栄村,
7362,7,南会津郡下郷町,
7364,7,南会津郡檜枝岐村,
7367,7,南会津郡只見町,
7368,7,南会津郡南会津町,
7402,7,耶麻郡北塩原村,
7405,7,耶麻郡西会津町,
7407,7,耶麻郡磐梯町,
7408,7,耶麻郡猪苗代町,
7421,7,河沼郡会津坂下町,
7422,7,河沼郡湯川村,
7423,7,河沼郡柳津町,
7444,7,大沼郡三島町,
7445,7,大沼郡金山町,
7446,7,大沼郡昭和村,
7447,7,大沼郡会津美里町,
7461,7,西白河郡西郷村,
7464,7,西白河郡泉崎村,
7465,7,西白河郡中島村,
7466,7,西白河郡矢吹町,
7481,7,東白川郡棚倉町,
7482,7,東白川郡矢祭町,
7483,7,東白川郡塙町,
7484,7,東白川郡鮫川村,
7501,7,石川郡石川町,
7502,7,石川郡玉川村,
7503,7,石川郡平田村,
7504,7,石川郡浅川町,
7505,7,石川郡古殿町,
7521,7,田村郡三春町,
7522,7,田村郡小野町,
7541,7,双葉郡広野町,
7542,7,双葉郡楢葉町,
7543,7,双葉郡富岡町,
7544,7,双葉郡川内村,
7545,7,双葉郡大熊町,
7546,7,双葉郡双葉町,
7547,7,双葉郡浪江町,
7548,7,双葉郡葛尾村,
7561,7,相馬郡新地町,
7564,7,相馬郡飯舘村,
8201,8,水戸市,
8202,8,日立市,
8203,8,土浦市,
8204,8,古河市,
8205,8,石岡市,
8207,8,結城市,
8208,8,龍ケ崎市,
8210,8,下妻市,
8211,8,常総市,
8212,8,常陸太田市,
8214,8,高萩市,
8215,8,北茨城市,
8216,8,笠間市,
8217,8,取手市,
8219,8,牛久市,
8220,8,つくば市,
8221,8,ひたちなか市,
8222,8,鹿嶋市,
8223,8,潮来市,
8224,8,守谷市,
8225,8,常陸大宮市,
8226,8,那珂市,
8227,8,筑西市,
8228,8,坂東市,
8229,8,稲敷市,
8230,8,かすみがうら市,
8231,8,桜川市,
8232,8,神栖市,
8233,8,行方市,
8234,8,鉾田市,
8235,8,つくばみらい市,
8236,8,小美玉市,
8302,8,東茨城郡茨城町,
8309,8,東茨城郡大洗町,
8310,8,東茨城郡城里町,
8341,8,那珂郡東海村,
8364,8,久慈郡大子町,
8442,8,稲敷郡美浦村,
8443,8,稲敷郡阿見町,
8447,8,稲敷郡河内町,
8521,8,結城郡八千代町,
8542,8,猿島郡五霞町,
8546,8,猿島郡境町,
8564,8,北相馬郡利根町,
9201,9,宇都宮市,
9202,9,足利市,
9203,9,栃木市,
9204,9,佐野市,
9205,9,鹿沼市,
9206,9,日光市,
9208,9,小山市,
9209,9,真岡市,
9210,9,大田原市,
9211,9,矢板市,
9213,9,那須塩原市,
9214,9,さくら市,
9215,9,那須烏山市,
9216,9,下野市,
9301,9,河内郡上三川町,
9342,9,芳賀郡益子町,
9343,9,芳賀郡茂木町,
9344,9,芳賀郡市貝町,
9345,9,芳賀郡芳賀町,
9361,9,下都賀郡壬生町,
9364,9,下都賀郡野木町,
9384,9,塩谷郡塩谷町,
9386,9,塩谷郡高根沢町,
9407,9,那須郡那須町,
9411,9,那須郡那珂川町,
10201,10,前橋市,
10202,10,高崎市,
10203,10,桐生市,
10204,10,伊勢崎市,
10205,10,太田市,
10206,10,沼田市,
10207,10,館林市,
10208,10,渋川市,
10209,10,藤岡市,
10210,10,富岡市,
10211,10,安中市,
10212,10,みどり市,
10344,10,北群馬郡榛東村,
10345,10,北群馬郡吉岡町,
10366,10,多野郡上野村,
10367,10,多野郡神流町,
10382,10,甘楽郡下仁田町,
10383,10,甘楽郡南牧村,
10384,10,甘楽郡甘楽町,
10421,10,吾妻郡中之条町,
10424,10,吾妻郡長野原町,
10425,10,吾妻郡嬬恋村,
10426,10,吾妻郡草津町,
10428,10,吾妻郡高山村,
10429,10,吾妻郡東吾妻町,
10443,10,利根郡片品村,
10444,10,利根郡川場村,
10448,10,利根郡昭和村,
10449,10,利根郡みなかみ町,
10464,10,佐波郡玉村町,
10521,10,邑楽郡板倉町,
10522,10,邑楽郡明和町,
10523,10,邑楽郡千代田町,
10524,10,邑楽郡大泉町,
10525,10,邑楽郡邑楽町,
11101,11,さいたま市西区,
11102,11,さいたま市北区,
11103,11,さいたま市大宮区,
11104,11,さいたま市見沼区,
11105,11,さいたま市中央区,
11106,11,さいたま市桜区,
11107,11,さいたま市浦和区,
11108,11,さいたま市南区,
11109,11,さいたま市緑区,
11110,11,さいたま市岩槻区,
11201,11,川越市,
11202,11,熊谷市,
11203,11,川口市,
11206,11,行田市,
11207,11,秩父市,
11208,11,所沢市,
11209,11,飯能市,
11210,11,加須市,
11211,11,本庄市,
11212,11,東松山市,
11214,11,春日部市,
11215,11,狭山市,
11216,11,羽生市,
11217,11,鴻巣市,
11218,11,深谷市,
11219,11,上尾市,
11221,11,草加市,
11222,11,越谷市,
11223,11,蕨市,
11224,11,戸田市,
11225,11,入間市,
11227,11,朝霞市,
11228,11,志木市,
11229,11,和光市,
11230,11,新座市,
11231,11,桶川市,
11232,11,久喜市,
11233,11,北本市,
11234,11,八潮市,
11235,11,富士見市,
11237,11,三郷市,
11238,11,蓮田市,
11239,11,坂戸市,
11240,11,幸手市,
11241,11,鶴ヶ島市,
11242,11,日高市,
11243,11,吉川市,
11245,11,ふじみ野市,
11246,11,白岡市,
11301,11,北足立郡伊奈町,
11324,11,入間郡三芳町,
11326,11,入間郡毛呂山町,
11327,11,入間郡越生町,
11341,11,比企郡滑川町,
11342,11,比企郡嵐山町,
11343,11,比企郡小川町,
11346,11,比企郡川島町,
11347,11,比企郡吉見町,
11348,11,比企郡鳩山町,
11349,11,比企郡ときがわ町,
11361,11,秩父郡横瀬町,
11362,11,秩父郡皆野町,
11363,11,秩父郡長瀞町,
11365,11,秩父郡小鹿野町,
11369,11,秩父郡東秩父村,
11381,11,児玉郡美里町,
11383,11,児玉郡神川町,
11385,11,児玉郡上里町,
11408,11,大里郡寄居町,
11442,11,南埼玉郡宮代町,
11464,11,北葛飾郡杉戸町,
11465,11,北葛飾郡松伏町,
12101,12,千葉市中央区,
12102,12,千葉市花見川区,
12103,12,千葉市稲毛区,
12104,12,千葉市若葉区,
12105,12,千葉市緑区,
12106,12,千葉市美浜区,
12202,12,銚子市,
12203,12,市川市,
12204,12,船橋市,
12205,12,館山市,
12206,12,木更津市,
12207,12,松戸市,
12208,12,野田市,
12210,12,茂原市,
12211,12,成田市,
12212,12,佐倉市,
12213,12,東金市,
12215,12,旭市,
12216,12,習志野市,
12217,12,柏市,
12218,12,勝浦市,
12219,12,市原市,
12220,12,流山市,
12221,12,八千代市,
12222,12,我孫子市,
12223,12,鴨川市,
12224,12,鎌ケ谷市,
12225,12,君津市,
12226,12,富津市,
12227,12,浦安市,
12228,12,四街道市,
12229,12,袖ケ浦市,
12230,12,八街市,
12231,12,印西市,
12232,12,白井市,
12233,12,富里市,
12234,12,南房総市,
12235,12,匝瑳市,
12236,12,香取市,
12237,12,山武市,
12238,12,いすみ市,
12239,12,大網白里市,
12322,12,印旛郡酒々井町,
12329,12,印旛郡栄町,
12342,12,香取郡神崎町,
12347,12,香取郡多古町,
12349,12,香取郡東庄町,
12403,12,山武郡九十九里町,
12409,12,山武郡芝山町,
12410,12,山武郡横芝光町,
12421,12,長生郡一宮町,
12422,12,長生郡睦沢町,
12423,12,長生郡長生村,
12424,12,長生郡白子町,
12426,12,長生郡長柄町,
12427,12,長生郡長南町,
12441,12,夷隅郡大多喜町,
12443,12,夷隅郡御宿町,
12463,12,安房郡鋸南町,
13101,13,千代田区,
13102,13,中央区,
13103,13,港区,
13104,13,新宿区,
13105,13,文京区,
13106,13,台東区,
13107,13,墨田区,
13108,13,江東区,
13109,13,品川区,
13110,13,目黒区,
13111,13,大田区,
13112,13,世田谷区,
13113,13,渋谷区,
13114,13,中野区,
13115,13,杉並区,
13116,13,豊島区,
13117,13,北区,
13118,13,荒川区,
13119,13,板橋区,
13120,13,練馬区,
13121,13,足立区,
13122,13,葛飾区,
13123,13,江戸川区,
13201,13,八王子市,
13202,13,立川市,
13203,13,武蔵野市,
13204,13,三鷹市,
13205,13,青梅市,
13206,13,府中市,
13207,13,昭島市,
13208,13,調布市,
13209,13,町田市,
13210,13,小金井市,
13211,13,小平市,
13212,13,日野市,
13213,13,東村山市,
13214,13,国分寺市,
13215,13,国立市,
13218,13,福生市,
13219,13,狛江市,
13220,13,東大和市,
13221,13,清瀬市,
13222,13,東久留米市,
13223,13,武蔵村山市,
13224,13,多摩市,
13225,13,稲城市,
13227,13,羽村市,
13228,13,あきる野市,
13229,13,西東京市,
13303,13,西多摩郡瑞穂町,
13305,13,西多摩郡日の出町,
13307,13,西多摩郡檜原村,
13308,13,西多摩郡奥多摩町,
13361,13,大島町,
13362,13,利島村,
13363,13,新島村,
13364,13,神津島村,
13381,13,三宅島三宅村,
13382,13,御蔵島村,
13401,13,八丈島八丈町,
13402,13,青ヶ島村,
13421,13,小笠原村,
14101,14,横浜市鶴見区,
14102,14,横浜市神奈川区,
14103,14,横浜市西区,
14104,14,横浜市中区,
14105,14,横浜市南区,
14106,14,横浜市保土ケ谷区,
14107,14,横浜市磯子区,
14108,14,横浜市金沢区,
14109,14,横浜市港北区,
14110,14,横浜市戸塚区,
14111,14,横浜市港南区,
14112,14,横浜市旭区,
14113,14,横浜市緑区,
14114,14,横浜市瀬谷区,
14115,14,横浜市栄区,
14116,14,横浜市泉区,
14117,14,横浜市青葉区,
14118,14,横浜市都筑区,
14131,14,川崎市川崎区,
14132,14,川崎市幸区,
14133,14,川崎市中原区,
14134,14,川崎市高津区,
14135,14,川崎市多摩区,
14136,14,川崎市宮前区,
14137,14,川崎市麻生区,
14151,14,相模原市緑区,
14152,14,相模原市中央区,
14153,14,相模原市南区,
14201,14,横須賀市,
14203,14,平塚市,
14204,14,鎌倉市,
14205,14,藤沢市,
14206,14,小田原市,
14207,14,茅ヶ崎市,
14208,14,逗子市,
14210,14,三浦市,
14211,14,秦野市,
14212,14,厚木市,
14213,14,大和市,
14214,14,伊勢原市,
14215,14,海老名市,
14216,14,座間市,
14217,14,南足柄市,
14218,14,綾瀬市,
14301,14,三浦郡葉山町,
14321,14,高座郡寒川町,
14341,14,中郡大磯町,
14342,14,中郡二宮町,
14361,14,足柄上郡中井町,
14362,14,足柄上郡大井町,
14363,14,足柄上郡松田町,
14364,14,足柄上郡山北町,
14366,14,足柄上郡開成町,
14382,14,足柄下郡箱根町,
14383,14,足柄下郡真鶴町,
14384,14,足柄下郡湯河原町,
14401,14,愛甲郡愛川町,
14402,14,愛甲郡清川村,
15101,15,新潟市北区,
15102,15,新潟市東区,
15103,15,新潟市中央区,
15104,15,新潟市江南区,
15105,15,新潟市秋葉区,
15106,15,新潟市南区,
15107,15,新潟市西区,
15108,15,新潟市西蒲区,
15202,15,長岡市,
15204,15,三条市,
15205,15,柏崎市,
15206,15,新発田市,
15208,15,小千谷市,
15209,15,加茂市,
15210,15,十日町市,
15211,15,見附市,
15212,15,村上市,
15213,15,燕市,
15216,15,糸魚川市,
15217,15,妙高市,
15218,15,五泉市,
15222,15,上越市,
15223,15,阿賀野市,
15224,15,佐渡市,
15225,15,魚沼市,
15226,15,南魚沼市,
15227,15,胎内市,
15307,15,北蒲原郡聖籠町,
15342,15,西蒲原郡弥彦村,
15361,15,南蒲原郡田上町,
15385,15,東蒲原郡阿賀町,
15405,15,三島郡出雲崎町,
15461,15,南魚沼郡湯沢町,
15482,15,中魚沼郡津南町,
15504,15,刈羽郡刈羽村,
15581,15,岩船郡関川村,
15586,15,岩船郡粟島浦村,
16201,16,富山市,
16202,16,高岡市,
16204,16,魚津市,
16205,16,氷見市,
16206,16,滑川市,
16207,16,黒部市,
16208,16,砺波市,
16209,16,小矢部市,
16210,16,南砺市,
16211,16,射水市,
16321,16,中新川郡舟橋村,
16322,16,中新川郡上市町,
16323,16,中新川郡立山町,
16342,16,下新川郡入善町,
16343,16,下新川郡朝日町,
17201,17,金沢市,
17202,17,七尾市,
17203,17,小松市,
17204,17,輪島市,
17205,17,珠洲市,
17206,17,加賀市,
17207,17,羽咋市,
17209,17,かほく市,
17210,17,白山市,
17211,17,能美市,
17212,17,野々市市,
17324,17,能美郡川北町,
17361,17,河北郡津幡町,
17365,17,河北郡内灘町,
17384,17,羽咋郡志賀町,
17386,17,羽咋郡宝達志水町,
17407,17,鹿島郡中能登町,
17461,17,鳳珠郡穴水町,
17463,17,鳳珠郡能登町,
18201,18,福井市,
18202,18,敦賀市,
18204,18,小浜市,
18205,18,大野市,
18206,18,勝山市,
18207,18,鯖江市,
18208,18,あわら市,
18209,18,越前市,
18210,18,坂井市,
18322,18,吉田郡永平寺町,
18382,18,今立郡池田町,
18404,18,南条郡南越前町,
18423,18,丹生郡越前町,
18442,18,三方郡美浜町,
18481,18,大飯郡高浜町,
18483,18,大飯郡おおい町,
18501,18,三方上中郡若狭町,
19201,19,甲府市,
19202,19,富士吉田市,
19204,19,都留市,
19205,19,山梨市,
19206,19,大月市,
19207,19,韮崎市,
19208,19,南アルプス市,
19209,19,北杜市,
19210,19,甲斐市,
19211,19,笛吹市,
19212,19,上野原市,
19213,19,甲州市,
19214,19,中央市,
19346,19,西八代郡市川三郷町,
19364,19,南巨摩郡早川町,
19365,19,南巨摩郡身延町,
19366,19,南巨摩郡南部町,
19368,19,南巨摩郡富士川町,
19384,19,中巨摩郡昭和町,
19422,19,南都留郡道志村,
19423,19,南都留郡西桂町,
19424,19,南都留郡忍野村,
19425,19,南都留郡山中湖村,
19429,19,南都留郡鳴沢村,
19430,19,南都留郡富士河口湖町,
19442,19,北都留郡小菅村,
19443,19,北都留郡丹波山村,
20201,20,長野市,
20202,20,松本市,
20203,20,上田市,
20204,20,岡谷市,
20205,20,飯田市,
20206,20,諏訪市,
20207,20,須坂市,
20208,20,小諸市,
20209,20,伊那市,
20210,20,駒ヶ根市,
20211,20,中野市,
20212,20,大町市,
20213,20,飯山市,
20214,20,茅野市,
20215,20,塩尻市,
20217,20,佐久市,
20218,20,千曲市,
20219,20,東御市,
20220,20,安曇野市,
20303,20,南佐久郡小海町,
20304,20,南佐久郡川上村,
20305,20,南佐久郡南牧村,
20306,20,南佐久郡南相木村,
20307,20,南佐久郡北相木村,
20309,20,南佐久郡佐久穂町,
20321,20,北佐久郡軽井沢町,
20323,20,北佐久郡御代田町,
20324,20,北佐久郡立科町,
20349,20,小県郡青木村,
20350,20,小県郡長和町,
20361,20,諏訪郡下諏訪町,
20362,20,諏訪郡富士見町,
20363,20,諏訪郡原村,
20382,20,上伊那郡辰野町,
20383,20,上伊那郡箕輪町,
20384,20,上伊那郡飯島町,
20385,20,上伊那郡南箕輪村,
20386,20,上伊那郡中川村,
20388,20,上伊那郡宮田村,
20402,20,下伊那郡松川町,
20403,20,下伊那郡高森町,
20404,20,下伊那郡阿南町,
20407,20,下伊那郡阿智村,
20409,20,下伊那郡平谷村,
20410,20,下伊那郡根羽村,
20411,20,下伊那郡下條村,
20412,20,下伊那郡売木村,
20413,20,下伊那郡天龍村,
20414,20,下伊那郡泰阜村,
20415,20,下伊那郡喬木村,
20416,20,下伊那郡豊丘村,
20417,20,下伊那郡大鹿村,
20422,20,木曽郡上松町,
20423,20,木曽郡南木曽町,
20425,20,木曽郡木祖村,
20429,20,木曽郡王滝村,
20430,20,木曽郡大桑村,
20432,20,木曽郡木曽町,
20446,20,東筑摩郡麻績村,
20448,20,東筑摩郡生坂村,
20450,20,東筑摩郡山形村,
20451,20,東筑摩郡朝日村,
20452,20,東筑摩郡筑北村,
20481,20,北安曇郡池田町,
20482,20,北安曇郡松川村,
20485,20,北安曇郡白馬村,
20486,20,北安曇郡小谷村,
20521,20,埴科郡坂城町,
20541,20,上高井郡小布施町,
20543,20,上高井郡高山村,
20561,20,下高井郡山ノ内町,
20562,20,下高井郡木島平村,
20563,20,下高井郡野沢温泉村,
20583,20,上水内郡信濃町,
20588,20,上水内郡小川村,
20590,20,上水内郡飯綱町,
20602,20,下水内郡栄村,
21201,21,岐阜市,
21202,21,大垣市,
21203,21,高山市,
21204,21,多治見市,
21205,21,関市,
21206,21,中津川市,
21207,21,美濃市,
21208,21,瑞浪市,
21209,21,羽島市,
21210,21,恵那市,
21211,21,美濃加茂市,
21212,21,土岐市,
21213,21,各務原市,
21214,21,可児市,
21215,21,山県市,
21216,21,瑞穂市,
21217,21,飛騨市,
21218,21,本巣市,
21219,21,郡上市,
21220,21,下呂市,
21221,21,海津市,
21302,21,羽島郡岐南町,
21303,21,羽島郡笠松町,
21341,21,養老郡養老町,
21361,21,不破郡垂井町,
21362,21,不破郡関ケ原町,
21381,21,安八郡神戸町,
21382,21,安八郡輪之内町,
21383,21,安八郡安八町,
21401,21,揖斐郡揖斐川町,
21403,21,揖斐郡大野町,
21404,21,揖斐郡池田町,
21421,21,本巣郡北方町,
21501,21,加茂郡坂祝町,
21502,21,加茂郡富加町,
21503,21,加茂郡川辺町,
21504,21,加茂郡七宗町,
21505,21,加茂郡八百津町,
21506,21,加茂郡白川町,
21507,21,加茂郡東白川村,
21521,21,可児郡御嵩町,
21604,21,大野郡白川村,
22101,22,静岡市葵区,
22102,22,静岡市駿河区,
22103,22,静岡市清水区,
22131,22,浜松市中区,
22132,22,浜松市東区,
22133,22,浜松市西区,
22134,22,浜松市南区,
22135,22,浜松市北区,
22136,22,浜松市浜北区,
22137,22,浜松市天竜区,
22203,22,沼津市,
22205,22,熱海市,
22206,22,三島市,
22207,22,富士宮市,
22208,22,伊東市,
22209,22,島田市,
22210,22,富士市,
22211,22,磐田市,
22212,22,焼津市,
22213,22,掛川市,
22214,22,藤枝市,
22215,22,御殿場市,
22216,22,袋井市,
22219,22,下田市,
22220,22,裾野市,
22221,22,湖西市,
22222,22,伊豆市,
22223,22,御前崎市,
22224,22,菊川市,
22225,22,伊豆の国市,
22226,22,牧之原市,
22301,22,賀茂郡東伊豆町,
22302,22,賀茂郡河津町,
22304,22,賀茂郡南伊豆町,
22305,22,賀茂郡松崎町,
22306,22,賀茂郡西伊豆町,
22325,22,田方郡函南町,
22341,22,駿東郡清水町,
22342,22,駿東郡長泉町,
22344,22,駿東郡小山町,
22424,22,榛原郡吉田町,
22429,22,榛原郡川根本町,
22461,22,周智郡森町,
23101,23,名古屋市千種区,
23102,23,名古屋市東区,
23103,23,名古屋市北区,
23104,23,名古屋市西区,
23105,23,名古屋市中村区,
23106,23,名古屋市中区,
23107,23,名古屋市昭和区,
23108,23,名古屋市瑞穂区,
23109,23,名古屋市熱田区,
23110,23,名古屋市中川区,
23111,23,名古屋市港区,
23112,23,名古屋市南区,
23113,23,名古屋市守山区,
23114,23,名古屋市緑区,
23115,23,名古屋市名東区,
23116,23,名古屋市天白区,
23201,23,豊橋市,
23202,23,岡崎市,
23203,23,一宮市,
23204,23,瀬戸市,
23205,23,半田市,
23206,23,春日井市,
23207,23,豊川市,
23208,23,津島市,
23209,23,碧南市,
23210,23,刈谷市,
23211,23,豊田市,
23212,23,安城市,
23213,23,西尾市,
23214,23,蒲郡市,
23215,23,犬山市,
23216,23,常滑市,
23217,23,江南市,
23219,23,小牧市,
23220,23,稲沢市,
23221,23,新城市,
23222,23,東海市,
23223,23,大府市,
23224,23,知多市,
23225,23,知立市,
23226,23,尾張旭市,
23227,23,高浜市,
23228,23,岩倉市,
23229,23,豊明市,
23230,23,日進市,
23231,23,田原市,
23232,23,愛西市,
23233,23,清須市,
23234,23,北名古屋市,
23235,23,弥富市,
23236,23,みよし市,
23237,23,あま市,
23238,23,長久手市,
23302,23,愛知郡東郷町,
23342,23,西春日井郡豊山町,
23361,23,丹羽郡大口町,
23362,23,丹羽郡扶桑町,
23424,23,海部郡大治町,
23425,23,海部郡蟹江町,
23427,23,海部郡飛島村,
23441,23,知多郡阿久比町,
23442,23,知多郡東浦町,
23445,23,知多郡南知多町,
23446,23,知多郡美浜町,
23447,23,知多郡武豊町,
23501,23,額田郡幸田町,
23561,23,北設楽郡設楽町,
23562,23,北設楽郡東栄町,
23563,23,北設楽郡豊根村,
24201,24,津市,
24202,24,四日市市,
24203,24,伊勢市,
24204,24,松阪市,
24205,24,桑名市,
24207,24,鈴鹿市,
24208,24,名張市,
24209,24,尾鷲市,
24210,24,亀山市,
24211,24,鳥羽市,
24212,24,熊野市,
24214,24,いなべ市,
24215,24,志摩市,
24216,24,伊賀市,
24303,24,桑名郡木曽岬町,
24324,24,員弁郡東員町,
24341,24,三重郡菰野町,
24343,24,三重郡朝日町,
24344,24,三重郡川越町,
24441,24,多気郡多気町,
24442,24,多気郡明和町,
24443,24,多気郡大台町,
24461,24,度会郡玉城町,
24470,24,度会郡度会町,
24471,24,度会郡大紀町,
24472,24,度会郡南伊勢町,
24543,24,北牟婁郡紀北町,
24561,24,南牟婁郡御浜町,
24562,24,南牟婁郡紀宝町,
25201,25,大津市,
25202,25,彦根市,
25203,25,長浜市,
25204,25,近江八幡市,
25206,25,草津市,
25207,25,守山市,
25208,25,栗東市,
25209,25,甲賀市,
25210,25,野洲市,
25211,25,湖南市,
25212,25,高島市,
25213,25,東近江市,
25214,25,米原市,
25383,25,蒲生郡日野町,
25384,25,蒲生郡竜王町,
25425,25,愛知郡愛荘町,
25441,25,犬上郡豊郷町,
25442,25,犬上郡甲良町,
25443,25,犬上郡多賀町,
26101,26,京都市北区,
26102,26,京都市上京区,
26103,26,京都市左京区,
26104,26,京都市中京区,
26105,26,京都市東山区,
26106,26,京都市下京区,
26107,26,京都市南区,
26108,26,京都市右京区,
26109,26,京都市伏見区,
26110,26,京都市山科区,
26111,26,京都市西京区,
26201,26,福知山市,
26202,26,舞鶴市,
26203,26,綾部市,
26204,26,宇治市,
26205,26,宮津市,
26206,26,亀岡市,
26207,26,城陽市,
26208,26,向日市,
26209,26,長岡京市,
26210,26,八幡市,
26211,26,京田辺市,
26212,26,京丹後市,
26213,26,南丹市,
26214,26,木津川市,
26303,26,乙訓郡大山崎町,
26322,26,久世郡久御山町,
26343,26,綴喜郡井手町,
26344,26,綴喜郡宇治田原町,
26364,26,相楽郡笠置町,
26365,26,相楽郡和束町,
26366,26,相楽郡精華町,
26367,26,相楽郡南山城村,
26407,26,船井郡京丹波町,
26463,26,与謝郡伊根町,
26465,26,与謝郡与謝野町,
27102,27,大阪市都島区,
27103,27,大阪市福島区,
27104,27,大阪市此花区,
27106,27,大阪市西区,
27107,27,大阪市港区,
27108,27,大阪市大正区,
27109,27,大阪市天王寺区,
27111,27,大阪市浪速区,
27113,27,大阪市西淀川区,
27114,27,大阪市東淀川区,
27115,27,大阪市東成区,
27116,27,大阪市生野区,
27117,27,大阪市旭区,
27118,27,大阪市城東区,
27119,27,大阪市阿倍野区,
27120,27,大阪市住吉区,
27121,27,大阪市東住吉区,
27122,27,大阪市西成区,
27123,27,大阪市淀川区,
27124,27,大阪市鶴見区,
27125,27,大阪市住之江区,
27126,27,大阪市平野区,
27127,27,大阪市北区,
27128,27,大阪市中央区,
27141,27,堺市堺区,
27142,27,堺市中区,
27143,27,堺市東区,
27144,27,堺市西区,
27145,27,堺市南区,
27146,27,堺市北区,
27147,27,堺市美原区,
27202,27,岸和田市,
27203,27,豊中市,
27204,27,池田市,
27205,27,吹田市,
27206,27,泉大津市,
27207,27,高槻市,
27208,27,貝塚市,
27209,27,守口市,
27210,27,枚方市,
27211,27,茨木市,
27212,27,八尾市,
27213,27,泉佐野市,
27214,27,富田林市,
27215,27,寝屋川市,
27216,27,河内長野市,
27217,27,松原市,
27218,27,大東市,
27219,27,和泉市,
27220,27,箕面市,
27221,27,柏原市,
27222,27,羽曳野市,
27223,27,門真市,
27224,27,摂津市,
27225,27,高石市,
27226,27,藤井寺市,
27227,27,東大阪市,
27228,27,泉南市,
27229,27,四條畷市,
27230,27,交野市,
27231,27,大阪狭山市,
27232,27,阪南市,
27301,27,三島郡島本町,
27321,27,豊能郡豊能町,
27322,27,豊能郡能勢町,
27341,27,泉北郡忠岡町,
27361,27,泉南郡熊取町,
27362,27,泉南郡田尻町,
27366,27,泉南郡岬町,
27381,27,南河内郡太子町,
27382,27,南河内郡河南町,
27383,27,南河内郡千早赤阪村,
28101,28,神戸市東灘区,
28102,28,神戸市灘区,
28105,28,神戸市兵庫区,
28106,28,神戸市長田区,
28107,28,神戸市須磨区,
28108,28,神戸市垂水区,
28109,28,神戸市北区,
28110,28,神戸市中央区,
28111,28,神戸市西区,
28201,28,姫路市,
28202,28,尼崎市,
28203,28,明石市,
28204,28,西宮市,
28205,28,洲本市,
28206,28,芦屋市,
28207,28,伊丹市,
28208,28,相生市,
28209,28,豊岡市,
28210,28,加古川市,
28212,28,赤穂市,
28213,28,西脇市,
28214,28,宝塚市,
28215,28,三木市,
28216,28,高砂市,
28217,28,川西市,
28218,28,小野市,
28219,28,三田市,
28220,28,加西市,
28221,28,丹波篠山市,
28222,28,養父市,
28223,28,丹波市,
28224,28,南あわじ市,
28225,28,朝来市,
28226,28,淡路市,
28227,28,宍粟市,
28228,28,加東市,
28229,28,たつの市,
28301,28,川辺郡猪名川町,
28365,28,多可郡多可町,
28381,28,加古郡稲美町,
28382,28,加古郡播磨町,
28442,28,神崎郡市川町,
28443,28,神崎郡福崎町,
28446,28,神崎郡神河町,
28464,28,揖保郡太子町,
28481,28,赤穂郡上郡町,
28501,28,佐用郡佐用町,
28585,28,美方郡香美町,
28586,28,美方郡新温泉町,
29201,29,奈良市,
29202,29,大和高田市,
29203,29,大和郡山市,
29204,29,天理市,
29205,29,橿原市,
29206,29,桜井市,
29207,29,五條市,
29208,29,御所市,
29209,29,生駒市,
29210,29,香芝市,
29211,29,葛城市,
29212,29,宇陀市,
29322,29,山辺郡山添村,
29342,29,生駒郡平群町,
29343,29,生駒郡三郷町,
29344,29,生駒郡斑鳩町,
29345,29,生駒郡安堵町,
29361,29,磯城郡川西町,
29362,29,磯城郡三宅町,
29363,29,磯城郡田原本町,
29385,29,宇陀郡曽爾村,
29386,29,宇陀郡御杖村,
29401,29,高市郡高取町,
29402,29,高市郡明日香村,
29424,29,北葛城郡上牧町,
29425,29,北葛城郡王寺町,
29426,29,北葛城郡広陵町,
29427,29,北葛城郡河合町,
29441,29,吉野郡吉野町,
29442,29,吉野郡大淀町,
29443,29,吉野郡下市町,
29444,29,吉野郡黒滝村,
29446,29,吉野郡天川村,
29447,29,吉野郡野迫川村,
29449,29,吉野郡十津川村,
29450,29,吉野郡下北山村,
29451,29,吉野郡上北山村,
29452,29,吉野郡川上村,
29453,29,吉野郡東吉野村,
30201,30,和歌山市,
30202,30,海南市,
30203,30,橋本市,
30204,30,有田市,
30205,30,御坊市,
30206,30,田辺市,
30207,30,新宮市,
30208,30,紀の川市,
30209,30,岩出市,
30304,30,海草郡紀美野町,
30341,30,伊都郡かつらぎ町,
30343,30,伊都郡九度山町,
30344,30,伊都郡高野町,
30361,30,有田郡湯浅町,
30362,30,有田郡広川町,
30366,30,有田郡有田川町,
30381,30,日高郡美浜町,
30382,30,日高郡日高町,
30383,30,日高郡由良町,
30390,30,日高郡印南町,
30391,30,日高郡みなべ町,
30392,30,日高郡日高川町,
30401,30,西牟婁郡白浜町,
30404,30,西牟婁郡上富田町,
30406,30,西牟婁郡すさみ町,
30421,30,東牟婁郡那智勝浦町,
30422,30,東牟婁郡太地町,
30424,30,東牟婁郡古座川町,
30427,30,東牟婁郡北山村,
30428,30,東牟婁郡串本町,
31201,31,鳥取市,
31202,31,米子市,
31203,31,倉吉市,
31204,31,境港市,
31302,31,岩美郡岩美町,
31325,31,八頭郡若桜町,
31328,31,八頭郡智頭町,
31329,31,八頭郡八頭町,
31364,31,東伯郡三朝町,
31370,31,東伯郡湯梨浜町,
31371,31,東伯郡琴浦町,
31372,31,東伯郡北栄町,
31384,31,西伯郡日吉津村,
31386,31,西伯郡大山町,
31389,31,西伯郡南部町,
31390,31,西伯郡伯耆町,
31401,31,日野郡日南町,
31402,31,日野郡日野町,
31403,31,日野郡江府町,
32201,32,松江市,
32202,32,浜田市,
32203,32,出雲市,
32204,32,益田市,
32205,32,大田市,
32206,32,安来市,
32207,32,江津市,
32209,32,雲南市,
32343,32,仁多郡奥出雲町,
32386,32,飯石郡飯南町,
32441,32,邑智郡川本町,
32448,32,邑智郡美郷町,
32449,32,邑智郡邑南町,
32501,32,鹿足郡津和野町,
32505,32,鹿足郡吉賀町,
32525,32,隠岐郡海士町,
32526,32,隠岐郡西ノ島町,
32527,32,隠岐郡知夫村,
32528,32,隠岐郡隠岐の島町,
33101,33,岡山市北区,
33102,33,岡山市中区,
33103,33,岡山市東区,
33104,33,岡山市南区,
33202,33,倉敷市,
33203,33,津山市,
33204,33,玉野市,
33205,33,笠岡市,
33207,33,井原市,
33208,33,総社市,
33209,33,高梁市,
33210,33,新見市,
33211,33,備前市,
33212,33,瀬戸内市,
33213,33,赤磐市,
33214,33,真庭市,
33215,33,美作市,
33216,33,浅口市,
33346,33,和気郡和気町,
33423,33,都窪郡早島町,
33445,33,浅口郡里庄町,
33461,33,小田郡矢掛町,
33586,33,真庭郡新庄村,
33606,33,苫田郡鏡野町,
33622,33,勝田郡勝央町,
33623,33,勝田郡奈義町,
33643,33,英田郡西粟倉村,
33663,33,久米郡久米南町,
33666,33,久米郡美咲町,
33681,33,加賀郡吉備中央町,
34101,34,広島市中区,
34102,34,広島市東区,
34103,34,広島市南区,
34104,34,広島市西区,
34105,34,広島市安佐南区,
34106,34,広島市安佐北区,
34107,34,広島市安芸区,
34108,34,広島市佐伯区,
34202,34,呉市,
34203,34,竹原市,
34204,34,三原市,
34205,34,尾道市,
34207,34,福山市,
34208,34,府中市,
34209,34,三次市,
34210,34,庄原市,
34211,34,大竹市,
34212,34,東広島市,
34213,34,廿日市市,
34214,34,安芸高田市,
34215,34,江田島市,
34302,34,安芸郡府中町,
34304,34,安芸郡海田町,
34307,34,安芸郡熊野町,
34309,34,安芸郡坂町,
34368,34,山県郡安芸太田町,
34369,34,山県郡北広島町,
34431,34,豊田郡大崎上島町,
34462,34,世羅郡世羅町,
34545,34,神石郡神石高原町,
35201,35,下関市,
35202,35,宇部市,
35203,35,山口市,
35204,35,萩市,
35206,35,防府市,
35207,35,下松市,
35208,35,岩国市,
35210,35,光市,
35211,35,長門市,
35212,35,柳井市,
35213,35,美祢市,
35215,35,周南市,
35216,35,山陽小野田市,
35305,35,大島郡周防大島町,
35321,35,玖珂郡和木町,
35341,35,熊毛郡上関町,
35343,35,熊毛郡田布施町,
35344,35,熊毛郡平生町,
35502,35,阿武郡阿武町,
36201,36,徳島市,
36202,36,鳴門市,
36203,36,小松島市,
36204,36,阿南市,
36205,36,吉野川市,
36206,36,阿波市,
36207,36,美馬市,
36208,36,三好市,
36301,36,勝浦郡勝浦町,
36302,36,勝浦郡上勝町,
36321,36,名東郡佐那河内村,
36341,36,名西郡石井町,
36342,36,名西郡神山町,
36368,36,那賀郡那賀町,
36383,36,海部郡牟岐町,
36387,36,海部郡美波町,
36388,36,海部郡海陽町,
36401,36,板野郡松茂町,
36402,36,板野郡北島町,
36403,36,板野郡藍住町,
36404,36,板野郡板野町,
36405,36,板野郡上板町,
36468,36,美馬郡つるぎ町,
36489,36,三好郡東みよし町,
37201,37,高松市,
37202,37,丸亀市,
37203,37,坂出市,
37204,37,善通寺市,
37205,37,観音寺市,
37206,37,さぬき市,
37207,37,東かがわ市,
37208,37,三豊市,
37322,37,小豆郡土庄町,
37324,37,小豆郡小豆島町,
37341,37,木田郡三木町,
37364,37,香川郡直島町,
37386,37,綾歌郡宇多津町,
37387,37,綾歌郡綾川町,
37403,37,仲多度郡琴平町,
37404,37,仲多度郡多度津町,
37406,37,仲多度郡まんのう町,
38201,38,松山市,
38202,38,今治市,
38203,38,宇和島市,
38204,38,八幡浜市,
38205,38,新居浜市,
38206,38,西条市,
38207,38,大洲市,
38210,38,伊予市,
38213,38,四国中央市,
38214,38,西予市,
38215,38,東温市,
38356,38,越智郡上島町,
38386,38,上浮穴郡久万高原町,
38401,38,伊予郡松前町,
38402,38,伊予郡砥部町,
38422,38,喜多郡内子町,
38442,38,西宇和郡伊方町,
38484,38,北宇和郡松野町,
38488,38,北宇和郡鬼北町,
38506,38,南宇和郡愛南町,
39201,39,高知市,
39202,39,室戸市,
39203,39,安芸市,
39204,39,南国市,
39205,39,土佐市,
39206,39,須崎市,
39208,39,宿毛市,
39209,39,土佐清水市,
39210,39,四万十市,
39211,39,香南市,
39212,39,香美市,
39301,39,安芸郡東洋町,
39302,39,安芸郡奈半利町,
39303,39,安芸郡田野町,
39304,39,安芸郡安田町,
39305,39,安芸郡北川村,
39306,39,安芸郡馬路村,
39307,39,安芸郡芸西村,
39341,39,長岡郡本山町,
39344,39,長岡郡大豊町,
39363,39,土佐郡土佐町,
39364,39,土佐郡大川村,
39386,39,吾川郡いの町,
39387,39,吾川郡仁淀川町,
39401,39,高岡郡中土佐町,
39402,39,高岡郡佐川町,
39403,39,高岡郡越知町,
39405,39,高岡郡檮原町,
39410,39,高岡郡日高村,
39411,39,高岡郡津野町,
39412,39,高岡郡四万十町,
39424,39,幡多郡大月町,
39427,39,幡多郡三原村,
39428,39,幡多郡黒潮町,
40101,40,北九州市門司区,
40103,40,北九州市若松区,
40105,40,北九州市戸畑区,
40106,40,北九州市小倉北区,
40107,40,北九州市小倉南区,
40108,40,北九州市八幡東区,
40109,40,北九州市八幡西区,
40131,40,福岡市東区,
40132,40,福岡市博多区,
40133,40,福岡市中央区,
40134,40,福岡市南区,
40135,40,福岡市西区,
40136,40,福岡市城南区,
40137,40,福岡市早良区,
40202,40,大牟田市,
40203,40,久留米市,
40204,40,直方市,
40205,40,飯塚市,
40206,40,田川市,
40207,40,柳川市,
40210,40,八女市,
40211,40,筑後市,
40212,40,大川市,
40213,40,行橋市,
40214,40,豊前市,
40215,40,中間市,
40216,40,小郡市,
40217,40,筑紫野市,
40218,40,春日市,
40219,40,大野城市,
40220,40,宗像市,
40221,40,太宰府市,
40223,40,古賀市,
40224,40,福津市,
40225,40,うきは市,
40226,40,宮若市,
40227,40,嘉麻市,
40228,40,朝倉市,
40229,40,みやま市,
40230,40,糸島市,
40231,40,那珂川市,
40341,40,糟屋郡宇美町,
40342,40,糟屋郡篠栗町,
40343,40,糟屋郡志免町,
40344,40,糟屋郡須惠町,
40345,40,糟屋郡新宮町,
40348,40,糟屋郡久山町,
40349,40,糟屋郡粕屋町,
40381,40,遠賀郡芦屋町,
40382,40,遠賀郡水巻町,
40383,40,遠賀郡岡垣町,
40384,40,遠賀郡遠賀町,
40401,40,鞍手郡小竹町,
40402,40,鞍手郡鞍手町,
40421,40,嘉穂郡桂川町,
40447,40,朝倉郡筑前町,
40448,40,朝倉郡東峰村,
40503,40,三井郡大刀洗町,
40522,40,三潴郡大木町,
40544,40,八女郡広川町,
40601,40,田川郡香春町,
40602,40,田川郡添田町,
40604,40,田川郡糸田町,
40605,40,田川郡川崎町,
40608,40,田川郡大任町,
40609,40,田川郡赤村,
40610,40,田川郡福智町,
40621,40,京都郡苅田町,
40625,40,京都郡みやこ町,
40642,40,築上郡吉富町,
40646,40,築上郡上毛町,
40647,40,築上郡築上町,
41201,41,佐賀市,
41202,41,唐津市,
41203,41,鳥栖市,
41204,41,多久市,
41205,41,伊万里市,
41206,41,武雄市,
41207,41,鹿島市,
41208,41,小城市,
41209,41,嬉野市,
41210,41,神埼市,
41327,41,神埼郡吉野ヶ里町,
41341,41,三養基郡基山町,
41345,41,三養基郡上峰町,
41346,41,三養基郡みやき町,
41387,41,東松浦郡玄海町,
41401,41,西松浦郡有田町,
41423,41,杵島郡大町町,
41424,41,杵島郡江北町,
41425,41,杵島郡白石町,
41441,41,藤津郡太良町,
42201,42,長崎市,
42202,42,佐世保市,
42203,42,島原市,
42204,42,諫早市,
42205,42,大村市,
42207,42,平戸市,
42208,42,松浦市,
42209,42,対馬市,
42210,42,壱岐市,
42211,42,五島市,
42212,42,西海市,
42213,42,雲仙市,
42214,42,南島原市,
42307,42,西彼杵郡長与町,
42308,42,西彼杵郡時津町,
42321,42,東彼杵郡東彼杵町,
42322,42,東彼杵郡川棚町,
42323,42,東彼杵郡波佐見町,
42383,42,北松浦郡小値賀町,
42391,42,北松浦郡佐々町,
42411,42,南松浦郡新上五島町,
43101,43,熊本市中央区,
43102,43,熊本市東区,
43103,43,熊本市西区,
43104,43,熊本市南区,
43105,43,熊本市北区,
43202,43,八代市,
43203,43,人吉市,
43204,43,荒尾市,
43205,43,水俣市,
43206,43,玉名市,
43208,43,山鹿市,
43210,43,菊池市,
43211,43,宇土市,
43212,43,上天草市,
43213,43,宇城市,
43214,43,阿蘇市,
43215,43,天草市,
43216,43,合志市,
43348,43,下益城郡美里町,
43364,43,玉名郡玉東町,
43367,43,玉名郡南関町,
43368,43,玉名郡長洲町,
43369,43,玉名郡和水町,
43403,43,菊池郡大津町,
43404,43,菊池郡菊陽町,
43423,43,阿蘇郡南小国町,
43424,43,阿蘇郡小国町,
43425,43,阿蘇郡産山村,
43428,43,阿蘇郡高森町,
43432,43,阿蘇郡西原村,
43433,43,阿蘇郡南阿蘇村,
43441,43,上益城郡御船町,
43442,43,上益城郡嘉島町,
43443,43,上益城郡益城町,
43444,43,上益城郡甲佐町,
43447,43,上益城郡山都町,
43468,43,八代郡氷川町,
43482,43,葦北郡芦北町,
43484,43,葦北郡津奈木町,
43501,43,球磨郡錦町,
43505,43,球磨郡多良木町,
43506,43,球磨郡湯前町,
43507,43,球磨郡水上村,
43510,43,球磨郡相良村,
43511,43,球磨郡五木村,
43512,43,球磨郡山江村,
43513,43,球磨郡球磨村,
43514,43,球磨郡あさぎり町,
43531,43,天草郡苓北町,
44201,44,大分市,
44202,44,別府市,
44203,44,中津市,
44204,44,日田市,
44205,44,佐伯市,
44206,44,臼杵市,
44207,44,津久見市,
44208,44,竹田市,
44209,44,豊後高田市,
44210,44,杵築市,
44211,44,宇佐市,
44212,44,豊後大野市,
44213,44,由布市,
44214,44,国東市,
44322,44,東国東郡姫島村,
44341,44,速見郡日出町,
44461,44,玖珠郡九重町,
44462,44,玖珠郡玖珠町,
45201,45,宮崎市,
45202,45,都城市,
45203,45,延岡市,
45204,45,日南市,
45205,45,小林市,
45206,45,日向市,
45207,45,串間市,
45208,45,西都市,
45209,45,えびの市,
45341,45,北諸県郡三股町,
45361,45,西諸県郡高原町,
45382,45,東諸県郡国富町,
45383,45,東諸県郡綾町,
45401,45,児湯郡高鍋町,
45402,45,児湯郡新富町,
45403,45,児湯郡西米良村,
45404,45,児湯郡木城町,
45405,45,児湯郡川南町,
45406,45,児湯郡都農町,
45421,45,東臼杵郡門川町,
45429,45,東臼杵郡諸塚村,
45430,45,東臼杵郡椎葉村,
45431,45,東臼杵郡美郷町,
45441,45,西臼杵郡高千穂町,
45442,45,西臼杵郡日之影町,
45443,45,西臼杵郡五ヶ瀬町,
46201,46,鹿児島市,
46203,46,鹿屋市,
46204,46,枕崎市,
46206,46,阿久根市,
46208,46,出水市,
46210,46,指宿市,
46213,46,西之表市,
46214,46,垂水市,
46215,46,薩摩川内市,
46216,46,日置市,
46217,46,曽於市,
46218,46,霧島市,
46219,46,いちき串木野市,
46220,46,南さつま市,
46221,46,志布志市,
46222,46,奄美市,
46223,46,南九州市,
46224,46,伊佐市,
46225,46,姶良市,
46303,46,鹿児島郡三島村,
46304,46,鹿児島郡十島村,
46392,46,薩摩郡さつま町,
46404,46,出水郡長島町,
46452,46,姶良郡湧水町,
46468,46,曽於郡大崎町,
46482,46,肝属郡東串良町,
46490,46,肝属郡錦江町,
46491,46,肝属郡南大隅町,
46492,46,肝属郡肝付町,
46501,46,熊毛郡中種子町,
46502,46,熊毛郡南種子町,
46505,46,熊毛郡屋久島町,
46523,46,大島郡大和村,
46524,46,大島郡宇検村,
46525,46,大島郡瀬戸内町,
46527,46,大島郡龍郷町,
46529,46,大島郡喜界町,
46530,46,大島郡徳之島町,
46531,46,大島郡天城町,
46532,46,大島郡伊仙町,
46533,46,大島郡和泊町,
46534,46,大島郡知名町,
46535,46,大島郡与論町,
47201,47,那覇市,
47205,47,宜野湾市,
47207,47,石垣市,
47208,47,浦添市,
47209,47,名護市,
47210,47,糸満市,
47211,47,沖縄市,
47212,47,豊見城市,
47213,47,うるま市,
47214,47,宮古島市,
47215,47,南城市,
47301,47,国頭郡国頭村,
47302,47,国頭郡大宜味村,
47303,47,国頭郡東村,
47306,47,国頭郡今帰仁村,
47308,47,国頭郡本部町,
47311,47,国頭郡恩納村,
47313,47,国頭郡宜野座村,
47314,47,国頭郡金武町,
47315,47,国頭郡伊江村,
47324,47,中頭郡読谷村,
47325,47,中頭郡嘉手納町,
47326,47,中頭郡北谷町,
47327,47,中頭郡北中城村,
47328,47,中頭郡中城村,
47329,47,中頭郡西原町,
47348,47,島尻郡与那原町,
47350,47,島尻郡南風原町,
47353,47,島尻郡渡嘉敷村,
47354,47,島尻郡座間味村,
47355,47,島尻郡粟国村,
47356,47,島尻郡渡名喜村,
47357,47,島尻郡南大東村,
47358,47,島尻郡北大東村,
47359,47,島尻郡伊平屋村,
47360,47,島尻郡伊是名村,
47361,47,島尻郡久米島町,
47362,47,島尻郡八重瀬町,
47375,47,宮古郡多良間村,
47381,47,八重山郡竹富町,
47382,47,八重山郡与那国町,
